Date,Price,Open,High,Low,Vol.,Change %
04/12/2024,85.66,85.6,87.67,85.24,,0.0075
04/11/2024,85.02,86.32,86.63,84.84,388.13K,-1.38%
04/10/2024,86.21,85.34,86.38,84.55,373.94K,0.0115
04/09/2024,85.23,86.59,86.98,85.09,314.99K,-1.39%
04/08/2024,86.43,86.1,87.1,84.69,393.73K,-0.55%
04/05/2024,86.91,86.86,87.63,86.32,353.21K,0.0037
04/04/2024,86.59,85.66,87.22,84.64,359.53K,0.0136
04/03/2024,85.43,85.46,86.2,84.85,322.55K,0.0033
04/02/2024,85.15,84.04,85.5,83.85,344.04K,0.0172
04/01/2024,83.71,83.14,84.49,82.6,321.06K,0.65%
03/28/2024,83.17,81.71,83.21,81.52,293.77K,0.0224
03/27/2024,81.35,81.29,81.74,80.55,249.96K,-0.33%
03/26/2024,81.62,81.94,82.36,81.22,235.85K,-0.40%
03/25/2024,81.95,80.85,82.48,80.59,300.36K,0.0164
03/22/2024,80.63,80.84,81.45,80.42,231.10K,-0.54%
03/21/2024,81.07,81.49,81.92,80.3,266.86K,-0.75%
03/20/2024,81.68,83.2,83.21,81.44,26.04K,-2.14%
03/19/2024,83.47,82.85,83.85,82.39,76.81K,0.0091
03/18/2024,82.72,81.03,83.09,81.01,84.72K,0.0207
03/15/2024,81.04,81.14,81.45,80.49,185.08K,-0.27%
03/14/2024,81.26,79.63,81.62,79.57,297.45K,0.0193
03/13/2024,79.72,78.06,79.9,77.57,316.39K,0.0278
03/12/2024,77.56,78.09,78.73,77.34,309.92K,-0.47%
03/11/2024,77.93,77.8,78.47,76.79,329.87K,-0.10%
03/08/2024,78.01,79.51,79.99,77.56,347.53K,-1.17%
03/07/2024,78.93,79.13,79.53,78.02,432.92K,-0.25%
03/06/2024,79.13,78.15,80.67,77.99,371.05K,0.0125
03/05/2024,78.15,78.74,79.49,77.52,436.52K,-0.75%
03/04/2024,78.74,80.14,80.41,78.56,347.21K,-1.54%
03/01/2024,79.97,78.28,80.85,78.05,363.42K,2.19%
02/29/2024,78.26,78.2,79.28,77.94,317.94K,-0.36%
02/28/2024,78.54,78.48,79.62,77.78,330.04K,-0.42%
02/27/2024,78.87,77.62,79,77.17,269.24K,0.0166
02/26/2024,77.58,76.4,78.03,75.84,274.71K,0.0143
02/23/2024,76.49,78.37,78.39,76.35,353.44K,-2.70%
02/22/2024,78.61,78.09,78.92,77.23,330.51K,0.009
02/21/2024,77.91,77.15,78.08,76.32,323.24K,-0.35%
02/20/2024,78.18,78.98,79.8,77.67,34.87K,0.09%
02/19/2024,78.11,78.16,78.56,77.64,,-1.36%
02/16/2024,79.19,78.11,79.35,77.22,113.71K,0.0149
02/15/2024,78.03,76.6,78.44,75.78,122.43K,0.0181
02/14/2024,76.64,77.81,78.77,76.38,296.13K,-1.58%
02/13/2024,77.87,77.03,78.47,76.87,338.17K,0.0124
02/12/2024,76.92,76.6,77.09,75.54,248.48K,0.10%
02/09/2024,76.84,76.42,77.29,75.93,302.61K,0.0081
02/08/2024,76.22,74.08,76.59,73.56,377.91K,0.032
02/07/2024,73.86,73.5,74.22,73.23,294.96K,0.0075
02/06/2024,73.31,72.76,73.82,72.38,310.96K,0.0073
02/05/2024,72.78,72.75,73.28,71.41,350.84K,0.0069
02/02/2024,72.28,73.91,74.52,71.79,467.77K,-2.09%
02/01/2024,73.82,75.96,76.95,73.7,577.94K,-2.68%
01/31/2024,75.85,77.84,78.11,75.52,344.49K,-2.53%
01/30/2024,77.82,77.02,78.14,75.85,347.24K,0.0135
01/29/2024,76.78,78.9,79.29,76.41,331.93K,-1.58%
01/26/2024,78.01,77.15,78.26,76.06,365.46K,0.0084
01/25/2024,77.36,75.3,77.51,75.16,320.18K,0.0302
01/24/2024,75.09,74.57,75.83,73.94,323.73K,0.0097
01/23/2024,74.37,74.68,75.25,73.41,306.06K,-1.09%
01/22/2024,75.19,73.41,75.75,72.89,28.91K,0.0242
01/19/2024,73.41,74.08,74.91,73.2,78.23K,-0.90%
01/18/2024,74.08,72.78,74.38,72.18,86.65K,0.0209
01/17/2024,72.56,72,72.95,70.5,315.68K,0.22%
01/16/2024,72.4,72.63,73.56,71.23,430.44K,-0.54%
01/15/2024,72.79,72.69,73.09,71.41,,0.15%
01/12/2024,72.68,73.01,75.25,72.36,403.64K,0.0092
01/11/2024,72.02,71.33,73.81,71.17,373.65K,0.0091
01/10/2024,71.37,72.17,73.59,71.01,352.77K,-1.20%
01/09/2024,72.24,70.91,72.93,70.47,363.45K,0.0208
01/08/2024,70.77,73.51,73.95,70.13,392.25K,-4.12%
01/05/2024,73.81,72.4,74.24,72.21,325.53K,0.0224
01/04/2024,72.19,73.04,74,71.06,344.47K,-0.70%
01/03/2024,72.7,70.5,73.23,69.28,334.86K,0.033
01/02/2024,70.38,71.71,73.64,70.06,330.99K,-2.21%
01/01/2024,71.97,71.67,72.24,71.67,,0.45%
12/29/2023,71.65,71.99,72.62,71.25,214.49K,-0.17%
12/28/2023,71.77,73.8,74.4,71.72,262.75K,-3.16%
12/27/2023,74.11,75.32,75.66,73.77,253.32K,-1.93%
12/26/2023,75.57,73.56,76.18,73.13,208.72K,2.41%
12/25/2023,73.79,73.49,73.94,73.48,,0.31%
12/22/2023,73.56,73.91,74.98,73.39,222.60K,-0.45%
12/21/2023,73.89,73.81,74.58,72.44,251.98K,-0.44%
12/20/2023,74.22,74.06,75.37,73.6,273.36K,0.0106
12/19/2023,73.44,72.48,74.01,71.85,25.69K,1.34%
12/18/2023,72.47,71.68,74.26,70.64,73.94K,0.0146
12/15/2023,71.43,71.61,72.22,70.3,95.51K,-0.21%
12/14/2023,71.58,69.85,72.46,69.54,275.69K,3.04%
12/13/2023,69.47,68.73,69.89,67.71,307.00K,0.0125
12/12/2023,68.61,71.43,71.96,68.22,324.53K,-3.80%
12/11/2023,71.32,71.15,71.81,70.35,274.41K,0.13%
12/08/2023,71.23,69.76,71.63,69.5,302.25K,2.73%
12/07/2023,69.34,69.28,70.48,68.8,339.00K,-0.06%
12/06/2023,69.38,72.1,72.6,69.11,436.80K,-4.07%
12/05/2023,72.32,73.3,74.12,72.02,358.70K,-0.99%
12/04/2023,73.04,74.58,75.03,72.63,388.83K,-1.39%
12/01/2023,74.07,75.59,76.76,73.93,358.98K,-2.49%
11/30/2023,75.96,77.75,79.6,75.05,559.17K,-2.44%
11/29/2023,77.86,76.56,78.09,75.67,322.17K,1.90%
11/28/2023,76.41,75.07,77.02,74.64,286.62K,2.07%
11/27/2023,74.86,75.31,76.23,74.06,289.56K,-0.90%
11/24/2023,75.54,76.79,77.09,75.07,281.15K,-1.05%
11/23/2023,76.34,76.69,76.81,75.31,,-0.99%
11/22/2023,77.1,77.77,77.97,73.79,389.33K,-0.86%
11/21/2023,77.77,77.65,77.92,76.92,238.63K,0.0022
11/20/2023,77.6,75.65,78.22,75.65,27.25K,2.25%
11/17/2023,75.89,72.97,75.99,72.75,101.48K,4.10%
11/16/2023,72.9,76.6,76.63,72.16,125.17K,-4.90%
11/15/2023,76.66,78.17,78.77,76.31,282.30K,-2.04%
11/14/2023,78.26,78.53,79.77,77.79,263.00K,0.00%
11/13/2023,78.26,77.15,78.64,76.21,262.90K,0.0141
11/10/2023,77.17,75.59,77.73,75.31,267.00K,1.89%
11/09/2023,75.74,75.65,77.16,75.21,303.43K,0.54%
11/08/2023,75.33,77.12,77.53,74.91,429.65K,-2.64%
11/07/2023,77.37,80.93,81.05,77.09,396.29K,-4.27%
11/06/2023,80.82,81.13,82.24,80.66,271.13K,0.0039
11/03/2023,80.51,82.58,83.6,80.1,457.28K,-2.36%
11/02/2023,82.46,80.82,82.83,80.22,307.12K,2.51%
11/01/2023,80.44,81.48,83.42,80.3,321.59K,-0.72%
10/31/2023,81.02,82.59,83.37,80.74,346.01K,-1.57%
10/30/2023,82.31,85,85.3,81.82,356.93K,-3.78%
10/27/2023,85.54,83.53,85.9,83.1,333.76K,0.028
10/26/2023,83.21,85.37,85.59,82.56,341.79K,-2.55%
10/25/2023,85.39,83.69,85.56,82.08,429.46K,1.97%
10/24/2023,83.74,86.15,86.3,82.94,370.59K,-2.05%
10/23/2023,85.49,88,88.29,85.35,315.52K,-3.67%
10/20/2023,88.75,90.28,90.78,88.33,27.31K,-0.69%
10/19/2023,89.37,88.24,90.68,86.6,72.06K,0.0119
10/18/2023,88.32,87.81,89.88,87.2,92.80K,1.92%
10/17/2023,86.66,87.06,87.75,85.6,197.12K,0.00%
10/16/2023,86.66,87.72,88.33,86.32,235.78K,-1.17%
10/13/2023,87.69,83.51,87.83,83.35,356.86K,5.77%
10/12/2023,82.91,83.2,85.2,82.31,373.49K,-0.69%
10/11/2023,83.49,85.96,86.51,83.11,425.40K,-2.88%
10/10/2023,85.97,86.43,86.74,85.12,337.65K,-0.47%
10/09/2023,86.38,85.25,87.24,84.67,435.04K,4.34%
10/06/2023,82.79,82.28,83.28,81.5,461.14K,0.58%
10/05/2023,82.31,84.45,84.92,82.15,466.00K,-2.27%
10/04/2023,84.22,89.42,89.59,84.16,460.00K,-5.61%
10/03/2023,89.23,88.67,90.27,87.76,350.66K,0.46%
10/02/2023,88.82,90.82,91.88,88.46,334.49K,-2.17%
09/29/2023,90.79,91.76,93.1,90.35,355.78K,-1.00%
09/28/2023,91.71,93.78,95.03,91.39,406.71K,-2.10%
09/27/2023,93.68,90.53,94.17,90.4,504.63K,0.0364
09/26/2023,90.39,89.88,90.74,88.19,318.02K,0.79%
09/25/2023,89.68,90.55,90.83,89.03,328.37K,-0.39%
09/22/2023,90.03,89.62,91.33,89.31,402.09K,0.45%
09/21/2023,89.63,89.3,90.98,88.37,351.03K,-0.72%
09/20/2023,90.28,91.55,91.98,89.87,35.99K,-1.01%
09/19/2023,91.2,92.22,93.74,91.07,94.60K,-0.31%
09/18/2023,91.48,91.2,92.43,90.75,119.26K,0.0078
09/15/2023,90.77,90.67,91.23,89.22,315.00K,0.68%
09/14/2023,90.16,88.81,90.79,88.68,325.27K,0.0185
09/13/2023,88.52,88.75,89.64,88.29,345.97K,-0.36%
09/12/2023,88.84,87.27,89.37,87.22,341.14K,0.0178
09/11/2023,87.29,87.4,88.15,86.71,292.39K,-0.25%
09/08/2023,87.51,86.78,87.95,86.15,294.44K,0.0074
09/07/2023,86.87,87.54,87.74,86.39,270.74K,-0.77%
09/06/2023,87.54,86.72,88.08,85.93,307.12K,0.0098
09/05/2023,86.69,86.06,88.07,85.02,452.91K,0.0101
09/04/2023,85.82,85.85,86.14,85.28,,-0.03%
09/03/2023,85.85,86.06,86.06,85.73,,0.0035
09/01/2023,85.55,83.63,86.06,83.46,420.46K,0.023
08/31/2023,83.63,81.7,83.69,81.48,368.85K,2.45%
08/30/2023,81.63,81.29,82.05,80.88,299.42K,0.0058
08/29/2023,81.16,79.98,81.41,79.34,284.17K,0.0132
08/28/2023,80.1,80.15,80.87,79.61,246.58K,0.34%
08/25/2023,79.83,78.88,80.45,78.14,411.41K,0.99%
08/24/2023,79.05,78.57,79.28,77.59,349.23K,0.20%
08/23/2023,78.89,79.64,79.91,77.62,378.15K,-1.82%
08/22/2023,80.35,80.8,80.99,80.1,21.69K,-0.46%
08/21/2023,80.72,81.43,82.47,80.61,115.87K,-0.65%
08/18/2023,81.25,80.04,81.61,79.59,128.09K,1.07%
08/17/2023,80.39,79.25,81.08,78.95,235.58K,1.27%
08/16/2023,79.38,81.23,81.43,79.05,325.40K,-1.99%
08/15/2023,80.99,82.52,82.91,80.4,303.21K,-1.84%
08/14/2023,82.51,83.09,83.2,81.76,277.35K,-0.82%
08/11/2023,83.19,82.83,83.81,82.23,331.25K,0.0045
08/10/2023,82.82,84.25,84.89,82.58,362.19K,-1.87%
08/09/2023,84.4,82.88,84.65,82.67,478.14K,0.0178
08/08/2023,82.92,82.53,83.08,79.9,424.55K,0.012
08/07/2023,81.94,82.82,83.3,81.52,293.04K,-1.06%
08/04/2023,82.82,81.73,83.24,81.51,320.87K,1.56%
08/03/2023,81.55,79.77,81.86,78.69,402.64K,0.0259
08/02/2023,79.49,82.05,82.43,79.05,414.83K,-2.31%
08/01/2023,81.37,81.73,82.22,80.59,307.86K,-0.53%
07/31/2023,81.8,80.65,82,80.13,297.27K,1.51%
07/28/2023,80.58,79.84,80.71,79.07,299.55K,0.0061
07/27/2023,80.09,78.9,80.6,78.87,374.36K,0.0166
07/26/2023,78.78,79.34,79.77,78.55,322.03K,-1.07%
07/25/2023,79.63,78.85,79.9,78.29,349.60K,0.0113
07/24/2023,78.74,77.01,79.28,76.44,368.29K,2.17%
07/21/2023,77.07,75.7,77.29,75.69,308.11K,0.019
07/20/2023,75.63,75.35,76.15,74.72,23.71K,0.37%
07/19/2023,75.35,75.84,76.97,75.07,92.92K,-0.53%
07/18/2023,75.75,74.18,75.96,73.88,125.09K,0.0216
07/17/2023,74.15,75.02,76.09,73.84,244.79K,-1.68%
07/14/2023,75.42,77.16,77.3,75.11,299.58K,-1.91%
07/13/2023,76.89,75.85,77.33,75.32,379.73K,1.50%
07/12/2023,75.75,74.83,76.15,74.67,352.89K,0.0123
07/11/2023,74.83,73.19,74.96,72.98,326.88K,2.52%
07/10/2023,72.99,73.86,74.15,72.67,301.01K,-1.18%
07/07/2023,73.86,71.89,73.92,71.19,362.63K,0.0287
07/06/2023,71.8,71.8,72.34,70.22,395.38K,0.01%
07/05/2023,71.79,70.15,72.17,69.9,456.81K,0.0103
07/04/2023,71.06,70.08,71.34,69.91,,0.0182
07/03/2023,69.79,70.45,71.77,69.69,303.48K,-1.20%
06/30/2023,70.64,69.82,71.04,69.53,299.87K,1.12%
06/29/2023,69.86,69.25,70.6,68.93,292.87K,0.0043
06/28/2023,69.56,68.01,69.73,67.05,368.30K,2.75%
06/27/2023,67.7,69.49,70.15,67.5,384.75K,-2.41%
06/26/2023,69.37,69.84,70.11,68.71,280.12K,0.003
06/23/2023,69.16,69.53,69.65,67.35,322.48K,-0.50%
06/22/2023,69.51,72.43,72.65,68.93,421.35K,-4.16%
06/21/2023,72.53,70.9,72.72,70.8,264.66K,0.0288
06/20/2023,70.5,71.45,72.09,69.65,28.74K,-1.14%
06/19/2023,71.31,71.47,72.25,70.83,,-0.22%
06/18/2023,71.47,71.59,71.67,71.42,,-0.43%
06/16/2023,71.78,70.55,71.89,69.95,99.19K,1.64%
06/15/2023,70.62,68.7,70.96,67.97,115.61K,3.44%
06/14/2023,68.27,69.35,70.49,68.07,304.45K,-1.66%
06/13/2023,69.42,67.31,69.83,67.15,366.35K,0.0343
06/12/2023,67.12,70.27,70.33,66.8,404.77K,-4.35%
06/09/2023,70.17,70.94,71.77,70.1,300.72K,-1.57%
06/08/2023,71.29,72.47,73.28,69.03,485.40K,-1.71%
06/07/2023,72.53,71.56,73.19,71.01,299.13K,0.011
06/06/2023,71.74,71.99,72.33,70.13,314.96K,-0.57%
06/05/2023,72.15,75.03,75.06,71.73,383.94K,0.57%
06/02/2023,71.74,70.21,72.17,70,322.60K,0.0234
06/01/2023,70.1,67.6,71.07,67.51,395.39K,0.0295
05/31/2023,68.09,69.62,69.69,67.03,444.79K,-1.97%
05/30/2023,69.46,73.23,73.55,69.02,440.86K,-4.68%
05/29/2023,72.87,73.22,73.55,72.05,,-0.48%
05/28/2023,73.22,73.11,73.45,73.06,,0.0076
05/26/2023,72.67,71.89,73.05,71.49,261.50K,1.17%
05/25/2023,71.83,74.21,74.37,70.98,422.64K,-3.38%
05/24/2023,74.34,73.77,74.73,73.13,386.61K,0.0196
05/23/2023,72.91,72.1,73.79,71.71,317.59K,1.28%
05/22/2023,71.99,71.7,72.36,70.55,18.68K,0.0061
05/19/2023,71.55,71.94,73.4,71.03,69.95K,-0.43%
05/18/2023,71.86,72.75,72.87,71.42,80.86K,-1.33%
05/17/2023,72.83,70.6,73.26,70.04,273.71K,2.78%
05/16/2023,70.86,71.32,71.79,70.45,232.33K,-0.35%
05/15/2023,71.11,70.04,71.69,69.41,259.01K,0.0153
05/12/2023,70.04,71.42,71.78,69.93,275.44K,-1.17%
05/11/2023,70.87,72.77,73.5,70.63,365.89K,-2.33%
05/10/2023,72.56,73.58,73.89,71.8,351.51K,-1.56%
05/09/2023,73.71,72.84,73.78,71.34,317.49K,0.75%
05/08/2023,73.16,71.35,73.69,71.04,290.08K,2.55%
05/05/2023,71.34,68.7,71.81,68.48,330.59K,0.0405
05/04/2023,68.56,68.16,69.84,63.64,412.50K,-0.06%
05/03/2023,68.6,71.56,71.79,67.95,490.52K,-4.27%
05/02/2023,71.66,75.76,76.11,71.42,417.82K,-5.29%
05/01/2023,75.66,76.66,76.69,74.53,215.02K,-1.46%
04/28/2023,76.78,74.91,76.92,73.93,328.40K,0.027
04/27/2023,74.76,74.38,75.28,74.03,345.88K,0.62%
04/26/2023,74.3,77.08,77.93,74.05,497.78K,-3.59%
04/25/2023,77.07,78.74,79.07,76.5,361.65K,-2.15%
04/24/2023,78.76,77.97,79.18,76.72,306.72K,1.14%
04/21/2023,77.87,77.13,78.39,76.72,291.11K,0.0075
04/20/2023,77.29,78.87,78.89,76.97,24.99K,-2.36%
04/19/2023,79.16,80.92,81.18,78.46,78.31K,-2.10%
04/18/2023,80.86,81,81.48,79.87,96.29K,0.0004
04/17/2023,80.83,82.48,82.71,80.47,217.05K,-2.05%
04/14/2023,82.52,82.4,83.12,81.76,275.13K,0.0044
04/13/2023,82.16,83.22,83.44,82.11,261.23K,-1.32%
04/12/2023,83.26,81.44,83.53,81.28,356.13K,0.0212
04/11/2023,81.53,79.88,81.59,79.37,309.68K,0.0224
04/10/2023,79.74,80.5,81.22,79.61,264.91K,-1.19%
04/06/2023,80.7,80.37,80.96,79.65,259.52K,0.0011
04/05/2023,80.61,81.01,81.24,79.72,254.97K,-0.12%
04/04/2023,80.71,80.44,81.81,79.61,343.57K,0.0036
04/03/2023,80.42,80.1,81.69,79,547.13K,0.0628
03/31/2023,75.67,74.37,75.72,73.77,304.36K,1.75%
03/30/2023,74.37,72.98,74.63,72.61,269.74K,1.92%
03/29/2023,72.97,73.61,74.37,72.76,312.67K,-0.31%
03/28/2023,73.2,72.86,73.93,72.19,328.47K,0.0054
03/27/2023,72.81,69.42,73.1,69.13,353.60K,0.0513
03/24/2023,69.26,69.51,70.38,66.82,380.85K,-1.00%
03/23/2023,69.96,69.95,71.67,69.14,335.24K,-1.33%
03/22/2023,70.9,69.48,71.31,68.89,337.64K,2.26%
03/21/2023,69.33,67.62,69.6,66.77,26.35K,2.50%
03/20/2023,67.64,66.62,67.7,64.12,76.87K,1.35%
03/17/2023,66.74,68.26,69.64,65.17,152.26K,-2.36%
03/16/2023,68.35,68.22,69.38,65.71,327.12K,1.09%
03/15/2023,67.61,71.56,72.56,65.65,555.16K,-5.22%
03/14/2023,71.33,74.7,74.9,70.78,432.86K,-4.64%
03/13/2023,74.8,76.6,77.47,72.3,457.42K,-2.45%
03/10/2023,76.68,75.65,77.11,74.77,371.83K,0.0127
03/09/2023,75.72,76.5,78.06,75.43,349.96K,-1.23%
03/08/2023,76.66,77.32,77.73,76.11,335.93K,-1.19%
03/07/2023,77.58,80.5,80.94,77.06,398.24K,-3.58%
03/06/2023,80.46,79.92,80.63,78.32,292.35K,0.98%
03/03/2023,79.68,77.89,79.9,75.83,374.20K,0.0194
03/02/2023,78.16,77.74,78.59,77.23,260.33K,0.006
03/01/2023,77.69,76.85,77.85,76.12,342.12K,0.83%
02/28/2023,77.05,75.76,77.83,75.55,300.09K,1.81%
02/27/2023,75.68,76.42,76.82,74.99,266.09K,-0.84%
02/24/2023,76.32,75.6,76.63,74.09,313.04K,1.23%
02/23/2023,75.39,73.92,75.99,73.83,333.84K,1.95%
02/22/2023,73.95,76.11,76.55,73.8,332.02K,-2.90%
02/21/2023,76.16,76.53,77.51,75.69,35.48K,-1.47%
02/20/2023,77.3,76.69,77.74,76.33,,0.0082
02/19/2023,76.67,76.69,76.82,76.53,,0.0043
02/17/2023,76.34,78.07,78.25,75.06,93.27K,-2.74%
02/16/2023,78.49,78.54,79.54,77.92,117.60K,-0.13%
02/15/2023,78.59,78.83,79.15,77.25,264.49K,-0.59%
02/14/2023,79.06,79.06,79.61,77.46,299.94K,-1.35%
02/13/2023,80.14,79.94,80.62,78.45,301.30K,0.53%
02/10/2023,79.72,77.68,80.33,77.47,356.06K,2.13%
02/09/2023,78.06,78.45,78.84,76.52,324.16K,-0.52%
02/08/2023,78.47,77.49,78.57,77.08,353.47K,1.72%
02/07/2023,77.14,74.57,77.6,74.35,408.28K,4.09%
02/06/2023,74.11,73.23,74.51,72.25,380.03K,0.98%
02/03/2023,73.39,75.92,78,73.1,413.41K,-3.28%
02/02/2023,75.88,76.79,77.24,74.97,339.76K,-0.69%
02/01/2023,76.41,79.06,79.73,76.05,360.86K,-3.12%
01/31/2023,78.87,77.91,79.25,76.55,312.73K,0.0125
01/30/2023,77.9,80.04,80.49,77.66,327.43K,-2.23%
01/27/2023,79.68,81.22,82.48,79.04,367.59K,-1.64%
01/26/2023,81.01,80.48,82.14,79.92,291.06K,1.07%
01/25/2023,80.15,80.26,81.23,79.45,297.23K,0.0002
01/24/2023,80.13,81.62,82.22,79.66,288.21K,-1.83%
01/23/2023,81.62,81.79,82.64,81.05,297.08K,-0.02%
01/20/2023,81.64,80.84,81.91,79.91,300.15K,0.0128
01/19/2023,80.61,79.43,81.49,78.45,321.13K,0.0102
01/18/2023,79.8,81.34,82.66,79.21,326.23K,-0.81%
01/17/2023,80.45,80.34,81.51,78.8,267.91K,0.0178
01/16/2023,79.04,79.78,79.92,78.8,,-0.93%
01/15/2023,79.78,80.17,80.19,79.78,,-0.41%
01/13/2023,80.11,78.58,80.37,78.23,189.32K,1.86%
01/12/2023,78.65,77.9,79.37,77.35,188.06K,1.25%
01/11/2023,77.68,75.06,78.06,74.56,179.83K,0.0306
01/10/2023,75.37,75.16,76.16,74.16,164.98K,0.60%
01/09/2023,74.92,73.87,76.97,73.79,154.20K,1.19%
01/06/2023,74.04,74.18,75.71,73.52,95.22K,0.0016
01/05/2023,73.92,73.51,75.15,72.74,112.45K,0.0112
01/04/2023,73.1,77.41,77.62,73.01,149.77K,-5.21%
01/03/2023,77.12,80.66,81.62,76.81,139.84K,-4.16%
01/02/2023,80.47,80.57,80.61,80.18,,0.00%
12/30/2022,80.47,78.59,80.57,77.72,,0.0237
12/29/2022,78.61,78.61,78.83,76.81,,0.01%
12/28/2022,78.6,79.75,79.88,77.33,,-1.47%
12/27/2022,79.77,80.97,81.17,79.17,,-1.48%
12/26/2022,80.97,79.92,81.06,79.92,,0.0205
12/23/2022,79.34,78.44,80.31,78,,0.0113
12/22/2022,78.45,78.47,79.88,77.03,,0.0027
12/21/2022,78.24,76,78.56,75.81,,2.64%
12/20/2022,76.23,75.77,76.96,74.46,,0.45%
12/19/2022,75.89,75.54,76.59,74.04,,1.93%
12/16/2022,74.45,76.24,76.57,73.33,,-2.36%
12/15/2022,76.25,77.26,77.76,75.38,,-1.32%
12/14/2022,77.27,75.19,77.74,74.91,,0.0277
12/13/2022,75.19,73.42,76.36,73.22,,0.0238
12/12/2022,73.44,71.89,73.98,70.25,,2.14%
12/11/2022,71.9,71.78,72.31,71.65,,0.56%
12/09/2022,71.5,72.07,72.92,70.11,,-0.78%
12/08/2022,72.06,72.57,75.39,71.14,,-0.72%
12/07/2022,72.58,74.47,75.36,71.75,,-2.54%
12/06/2022,74.47,77.41,77.88,73.43,,-3.79%
12/05/2022,77.4,81.13,82.71,76.78,,-4.62%
12/04/2022,81.15,80.06,81.29,79.89,,1.06%
12/02/2022,80.3,81.32,82.19,79.68,,-1.27%
12/01/2022,81.33,80.56,83.33,79.94,,0.96%
11/30/2022,80.56,78.75,81.34,78.41,,0.0302
11/29/2022,78.2,76.54,79.65,76.29,381.87K,1.24%
11/28/2022,77.24,75.93,77.84,73.6,405.03K,0.0126
11/25/2022,76.28,77.51,79.9,76.22,266.45K,-2.14%
11/24/2022,77.95,77.53,78.19,76.92,,0.01%
11/23/2022,77.94,81.08,81.95,76.83,379.15K,-3.72%
11/22/2022,80.95,80.22,82.36,79.85,269.62K,1.53%
11/21/2022,79.73,80.3,80.3,75.08,21.98K,-0.44%
11/18/2022,80.08,82.09,82.64,77.24,96.58K,-1.91%
11/17/2022,81.64,85.22,85.45,81.4,138.48K,-4.62%
11/16/2022,85.59,86.89,87.51,84.2,225.67K,-1.53%
11/15/2022,86.92,85.25,88.68,84.06,331.71K,1.22%
11/14/2022,85.87,89.02,89.84,85.15,315.45K,-3.47%
11/11/2022,88.96,86.27,90.1,86.18,301.66K,0.0288
11/10/2022,86.47,85.85,87.35,84.7,340.01K,0.0075
11/09/2022,85.83,88.57,89.24,85.5,388.30K,-3.46%
11/08/2022,88.91,91.87,92.17,88.52,344.22K,-3.14%
11/07/2022,91.79,91,93.74,90.4,322.42K,-0.89%
11/04/2022,92.61,87.9,92.87,87.82,354.06K,5.04%
11/03/2022,88.17,89.35,89.67,87.6,239.82K,-2.03%
11/02/2022,90,88.62,90.36,87.72,280.96K,1.84%
11/01/2022,88.37,86.43,89.45,85.92,274.32K,0.0213
10/31/2022,86.53,88.39,88.65,85.3,285.34K,-1.56%
10/28/2022,87.9,88.67,88.76,87.08,263.40K,-1.32%
10/27/2022,89.08,88.26,89.79,87.33,292.56K,1.33%
10/26/2022,87.91,85.07,88.41,84.14,287.18K,3.04%
10/25/2022,85.32,84.88,86.03,83.06,240.44K,0.87%
10/24/2022,84.58,85.24,85.92,82.63,250.73K,-0.55%
10/21/2022,85.05,85.07,85.9,83.15,272.80K,-1.08%
10/20/2022,85.98,85.94,88.17,85.22,18.18K,0.005
10/19/2022,85.55,83.69,86.2,82.59,71.31K,0.033
10/18/2022,82.82,85.7,86.51,82.09,97.30K,-3.09%
10/17/2022,85.46,85.59,87.12,84.61,172.02K,-0.18%
10/14/2022,85.61,89.27,89.73,85.2,237.03K,-3.93%
10/13/2022,89.11,87.08,89.66,85.56,298.03K,0.0211
10/12/2022,87.27,88.67,90.07,86.28,332.27K,-2.33%
10/11/2022,89.35,91.14,91.35,87.91,333.16K,-1.95%
10/10/2022,91.13,93.48,93.64,90.54,289.51K,-1.63%
10/07/2022,92.64,88.93,93.31,88,429.16K,0.0474
10/06/2022,88.45,88.08,89.07,87.04,235.30K,0.79%
10/05/2022,87.76,86.37,88.42,85.42,329.79K,1.43%
10/04/2022,86.52,83.22,86.98,83.22,302.55K,0.0346
10/03/2022,83.63,81.02,84.56,80.87,287.17K,0.0521
09/30/2022,79.49,81.74,82.56,79.14,253.15K,-2.14%
09/29/2022,81.23,81.9,82.94,80.34,286.13K,-1.12%
09/28/2022,82.15,78.08,82.34,76.55,324.68K,4.65%
09/27/2022,78.5,76.47,79.51,76.42,283.61K,0.0233
09/26/2022,76.71,79.23,80.31,76.25,280.93K,-2.58%
09/23/2022,78.74,83.54,83.92,78.04,334.27K,-5.69%
09/22/2022,83.49,83.07,86,82.4,303.49K,0.66%
09/21/2022,82.94,84.25,86.68,82.49,339.68K,-1.79%
09/20/2022,84.45,85.61,86.45,83.52,26.23K,-1.49%
09/19/2022,85.73,85.21,86.22,82.1,59.63K,0.0073
09/16/2022,85.11,85.16,86.59,84.27,87.83K,0.01%
09/15/2022,85.1,88.91,89.15,84.53,235.36K,-3.82%
09/14/2022,88.48,87.94,90.19,86.18,335.38K,1.34%
09/13/2022,87.31,88.09,89.31,85.06,348.00K,-0.54%
09/12/2022,87.78,86.25,89.1,85.16,275.10K,0.0114
09/09/2022,86.79,82.8,87.2,82.71,305.19K,3.89%
09/08/2022,83.54,81.91,84.25,81.2,342.76K,0.0195
09/07/2022,81.94,86.93,87.76,81.5,380.78K,-5.69%
09/06/2022,86.88,86.84,90.39,86.18,420.26K,-2.34%
09/05/2022,88.96,88.27,90.37,87.98,,0.008
09/04/2022,88.25,86.91,88.28,86.91,,0.0159
09/02/2022,86.87,86.56,89.66,86.35,277.53K,0.003
09/01/2022,86.61,88.83,89.63,85.98,305.11K,-3.28%
08/31/2022,89.55,92.31,92.73,88.27,344.15K,-2.28%
08/30/2022,91.64,96.9,97.66,90.54,386.27K,-5.54%
08/29/2022,97.01,92.96,97.37,92.29,283.46K,0.0424
08/26/2022,93.06,93.06,94.02,91.08,288.39K,0.0058
08/25/2022,92.52,95.35,95.76,92.29,279.88K,-2.50%
08/24/2022,94.89,93.78,95.4,92.79,320.39K,0.0123
08/23/2022,93.74,90.55,94.22,90.42,285.61K,0.0389
08/22/2022,90.23,89.65,91.26,86.6,24.87K,-0.59%
08/19/2022,90.77,90.39,92.09,88.38,58.71K,0.30%
08/18/2022,90.5,87.39,91.46,87.32,80.03K,0.0271
08/17/2022,88.11,87.1,89.16,85.88,230.35K,1.83%
08/16/2022,86.53,87.93,90.65,85.73,305.37K,-3.22%
08/15/2022,89.41,91.94,92.1,86.82,275.44K,-2.91%
08/12/2022,92.09,94.09,94.81,91.16,264.95K,-2.38%
08/11/2022,94.34,91.55,95.05,91.24,341.23K,2.62%
08/10/2022,91.93,90.51,92.43,87.66,383.77K,0.0158
08/09/2022,90.5,90.69,92.65,89.05,347.05K,-0.29%
08/08/2022,90.76,88.46,90.89,87.22,340.16K,1.97%
08/05/2022,89.01,88.06,90.76,87.01,350.02K,0.53%
08/04/2022,88.54,90.95,91.9,87.55,334.93K,-2.34%
08/03/2022,90.66,93.83,96.57,90.38,395.10K,-3.98%
08/02/2022,94.42,93.75,96.47,92.59,328.54K,0.0056
08/01/2022,93.89,98.46,98.65,92.42,365.29K,-4.80%
07/29/2022,98.62,97.3,101.88,96.41,349.37K,0.0228
07/28/2022,96.42,98.17,99.84,96.04,318.40K,-0.86%
07/27/2022,97.26,95.6,98.59,94.3,321.90K,0.024
07/26/2022,94.98,96.33,99,94.76,310.04K,-1.78%
07/25/2022,96.7,95.1,96.94,93.01,279.00K,0.0211
07/22/2022,94.7,96.51,97.95,94.23,307.57K,-1.71%
07/21/2022,96.35,99.91,99.99,94.59,318.91K,-5.78%
07/20/2022,102.26,103.6,104.39,101.51,28.96K,-1.88%
07/19/2022,104.22,102,104.46,99.85,63.15K,1.58%
07/18/2022,102.6,97.27,102.8,95.85,84.67K,5.13%
07/15/2022,97.59,96.39,99.03,94.57,240.77K,1.89%
07/14/2022,95.78,96.57,97,90.56,387.53K,-0.54%
07/13/2022,96.3,95.89,97.96,93.67,347.19K,0.0048
07/12/2022,95.84,103.46,103.49,95.35,398.55K,-7.93%
07/11/2022,104.09,104.79,105.05,100.89,348.57K,-0.67%
07/08/2022,104.79,102.22,105.24,101.51,327.46K,2.01%
07/07/2022,102.73,98.22,104.48,96.57,379.86K,0.0426
07/06/2022,98.53,100.36,102.14,95.1,444.11K,-0.97%
07/05/2022,99.5,108.8,111.45,97.43,594.22K,-9.87%
07/04/2022,110.4,108.17,110.77,107.25,,0.0204
07/03/2022,108.19,108.67,108.81,108.14,,-0.22%
07/01/2022,108.43,106.01,109.34,104.56,305.34K,2.52%
06/30/2022,105.76,109.7,110.45,105.1,362.89K,-3.66%
06/29/2022,109.78,111.86,114.05,109.22,322.06K,-1.77%
06/28/2022,111.76,110.18,112.22,109.62,306.75K,2.00%
06/27/2022,109.57,107.22,110.54,105.6,282.91K,0.0181
06/24/2022,107.62,103.99,108.58,103.64,321.59K,0.0321
06/23/2022,104.27,104.42,107.05,102.32,346.36K,-1.81%
06/22/2022,106.19,109.54,109.76,101.53,432.72K,-4.03%
06/21/2022,110.65,110.58,112.47,108.72,28.46K,0.0166
06/20/2022,108.84,108.97,109.17,106.84,,-0.09%
06/19/2022,108.94,108.97,109.34,108.78,,-0.57%
06/17/2022,109.56,117.08,118.97,108.25,103.15K,-6.83%
06/16/2022,117.59,115.98,118.08,112.31,162.54K,0.0198
06/15/2022,115.31,119.07,119.61,114.6,301.75K,-3.04%
06/14/2022,118.93,121.09,123.68,116.62,366.32K,-1.65%
06/13/2022,120.93,120.19,122.25,117.47,372.40K,0.0022
06/10/2022,120.67,121.46,122.75,118.33,352.91K,-0.69%
06/09/2022,121.51,122.43,122.72,120.79,293.30K,-0.49%
06/08/2022,122.11,119.79,123.18,119.3,340.59K,0.0226
06/07/2022,119.41,119.1,120.36,117.14,341.69K,0.77%
06/06/2022,118.5,120.82,120.99,117.63,246.83K,-0.31%
06/03/2022,118.87,117.55,120.46,115.23,240.83K,0.0171
06/02/2022,116.87,114.8,117.77,111.2,327.60K,0.014
06/01/2022,115.26,115.4,117.87,114.58,290.53K,0.51%
05/31/2022,114.67,114.96,119.98,114.15,440.80K,-2.50%
05/30/2022,117.61,115.58,117.79,115.39,,1.73%
05/29/2022,115.61,115.3,115.81,115.2,,0.47%
05/27/2022,115.07,114.2,115.3,112.85,217.28K,0.0086
05/26/2022,114.09,110.69,114.83,110.27,234.75K,0.0341
05/25/2022,110.33,110.39,111.68,109.23,191.37K,0.0051
05/24/2022,109.77,110.41,111.43,108.61,224.79K,-0.47%
05/23/2022,110.29,110.56,111.96,109.15,215.62K,-2.60%
05/20/2022,113.23,111.45,114.04,110.85,20.00K,0.0091
05/19/2022,112.21,109.09,112.62,105.13,68.51K,0.0239
05/18/2022,109.59,113.66,115.42,108.46,103.67K,-2.50%
05/17/2022,112.4,113.87,115.56,111.75,252.63K,-1.58%
05/16/2022,114.2,110.98,114.9,108.11,289.13K,3.36%
05/13/2022,110.49,106.65,110.64,106.29,240.99K,4.11%
05/12/2022,106.13,105.63,107.37,102.66,323.55K,0.004
05/11/2022,105.71,99,106.44,98.2,382.70K,5.96%
05/10/2022,99.76,102.65,104.16,98.86,389.75K,-3.23%
05/09/2022,103.09,110.43,110.49,102.13,368.18K,-6.09%
05/06/2022,109.77,108.7,111.18,107.24,294.28K,0.0139
05/05/2022,108.26,107.58,111.37,106.45,286.92K,0.0042
05/04/2022,107.81,103.5,108.61,102.95,272.91K,0.0527
05/03/2022,102.41,105.08,105.8,102.1,239.27K,-2.62%
05/02/2022,105.17,104,105.94,100.28,261.88K,0.0046
04/29/2022,104.69,105.17,107.99,103.78,294.39K,-0.64%
04/28/2022,105.36,102.11,105.68,100.13,312.06K,3.27%
04/27/2022,102.02,101.76,102.99,99.8,278.78K,0.31%
04/26/2022,101.7,98.64,102.78,97.06,351.85K,0.0321
04/25/2022,98.54,101.38,101.55,95.28,328.15K,-3.46%
04/22/2022,102.07,104.07,104.22,101.06,246.12K,-1.66%
04/21/2022,103.79,102.5,105.42,102.01,280.32K,0.0101
04/20/2022,102.75,103.05,104.16,100.7,17.02K,0.19%
04/19/2022,102.56,107.75,108.92,102.1,71.79K,-5.22%
04/18/2022,108.21,107.03,109.81,106,68.49K,0.0118
04/14/2022,106.95,104.2,107.64,102.12,244.95K,2.59%
04/13/2022,104.25,100.91,104.47,99.87,312.50K,0.0363
04/12/2022,100.6,95.17,101.35,94.84,329.04K,6.69%
04/11/2022,94.29,98.4,98.52,92.93,315.87K,-4.04%
04/08/2022,98.26,97.17,98.76,95.29,310.08K,0.0232
04/07/2022,96.03,97.16,98.82,93.81,367.32K,-0.21%
04/06/2022,96.23,101.24,104.02,95.73,366.04K,-5.62%
04/05/2022,101.96,103.66,105.59,99.88,280.28K,-1.28%
04/04/2022,103.28,98.95,103.94,98.05,288.13K,4.04%
04/01/2022,99.27,101.23,101.75,97.78,324.78K,-1.01%
03/31/2022,100.28,107.45,107.8,99.66,450.85K,-6.99%
03/30/2022,107.82,105.24,108.75,104.55,284.54K,3.43%
03/29/2022,104.24,103.47,107.84,98.44,387.20K,-1.62%
03/28/2022,105.96,112.92,112.93,102.83,372.25K,-6.97%
03/25/2022,113.9,111.75,114.12,108.68,320.30K,0.0139
03/24/2022,112.34,114.47,116.64,110.61,307.24K,-2.25%
03/23/2022,114.93,108.85,115.4,108.38,289.18K,0.0284
03/22/2022,111.76,112.9,115.01,109.3,22.94K,-0.32%
03/21/2022,112.12,105.13,112.69,104.08,77.22K,0.0709
03/18/2022,104.7,103.62,106.28,102.3,74.25K,1.67%
03/17/2022,102.98,95.34,104.24,94.85,210.76K,0.0835
03/16/2022,95.04,95.23,99.22,94.07,293.95K,-1.45%
03/15/2022,96.44,102.28,102.58,93.53,401.69K,-6.38%
03/14/2022,103.01,109.42,109.72,99.76,344.18K,-5.78%
03/11/2022,109.33,105.99,110.29,104.48,368.19K,0.0312
03/10/2022,106.02,110.41,114.88,105.53,437.92K,-2.47%
03/09/2022,108.7,124.66,126.84,103.63,594.77K,-12.13%
03/08/2022,123.7,120.67,129.44,117.07,583.11K,3.60%
03/07/2022,119.4,121.33,130.5,115.54,576.02K,0.0322
03/04/2022,115.68,107.96,116.02,107.25,493.88K,0.0744
03/03/2022,107.67,111.33,116.57,106.43,592.03K,-2.65%
03/02/2022,110.6,107.12,112.51,105.18,651.85K,0.0695
03/01/2022,103.41,96.09,106.78,95.32,698.81K,8.03%
02/28/2022,95.72,94.99,99.1,94.43,490.80K,4.51%
02/25/2022,91.59,93.32,95.64,90.06,523.79K,-1.31%
02/24/2022,92.81,92.52,100.54,91.45,872.24K,0.0077
02/23/2022,92.1,91.74,93.9,90.64,440.57K,-0.27%
02/22/2022,92.35,91.75,96,90.35,40.75K,-0.32%
02/21/2022,92.65,91.62,93.91,89.08,,0.0112
02/20/2022,91.62,91.22,91.74,91.08,,0.006
02/18/2022,91.07,91.63,92.66,89.03,150.38K,-0.75%
02/17/2022,91.76,90.9,93.36,90.62,212.55K,-2.03%
02/16/2022,93.66,92.21,95.01,90,401.45K,0.0173
02/15/2022,92.07,94.83,95.17,90.66,442.64K,-3.55%
02/14/2022,95.46,93.91,95.82,92.09,467.07K,2.53%
02/11/2022,93.1,90,94.66,89.19,554.42K,3.58%
02/10/2022,89.88,90.01,91.74,89.03,492.09K,0.0025
02/09/2022,89.66,89.86,90.58,88.41,445.62K,0.0034
02/08/2022,89.36,91.64,91.68,88.51,467.39K,-2.15%
02/07/2022,91.32,91.82,92.73,90.73,497.75K,-1.07%
02/04/2022,92.31,90.19,93.17,90.07,410.93K,2.26%
02/03/2022,90.27,87.98,90.45,86.75,465.77K,0.0228
02/02/2022,88.26,88.35,89.72,87.1,456.86K,0.0007
02/01/2022,88.2,88.15,88.87,86.55,376.84K,0.06%
01/31/2022,88.15,87.45,88.39,86.34,359.08K,1.53%
01/28/2022,86.82,87.5,88.84,86.44,436.17K,0.0024
01/27/2022,86.61,87.15,88.54,86.2,427.80K,-0.85%
01/26/2022,87.35,85.26,87.95,85.01,459.64K,0.0204
01/25/2022,85.6,84.15,85.71,82.99,507.22K,0.0275
01/24/2022,83.31,84.91,86.09,81.9,511.70K,-2.15%
01/21/2022,85.14,84.57,85.56,82.78,509.10K,-2.03%
01/20/2022,86.9,86.23,87.82,86,30.39K,-0.07%
01/19/2022,86.96,86.61,87.91,85.77,113.15K,0.0179
01/18/2022,85.43,84.32,86.63,83.5,163.64K,0.0208
01/17/2022,83.69,83.84,83.95,82.94,,-0.17%
01/16/2022,83.83,83.78,84.09,83.68,,0.0001
01/14/2022,83.82,81.73,84.45,81.58,364.44K,0.0207
01/13/2022,82.12,82.82,82.94,81.39,364.77K,-0.63%
01/12/2022,82.64,81.38,83.1,81.17,420.62K,1.75%
01/11/2022,81.22,78.42,81.59,78.36,481.82K,3.82%
01/10/2022,78.23,78.88,79.45,77.83,389.96K,-0.85%
01/07/2022,78.9,79.62,80.47,78.52,414.43K,-0.70%
01/06/2022,79.46,77.24,80.24,76.73,476.67K,2.07%
01/05/2022,77.85,77.18,78.58,76.51,397.90K,1.12%
1/4/2022,76.99,76.02,77.64,75.7,372.85K,0.012
01/03/2022,76.08,75.69,76.46,74.27,317.63K,1.16%
12/31/2021,75.21,76.66,77.08,74.95,237.12K,-2.31%
12/30/2021,76.99,76.58,77.44,75.78,231.16K,0.0056
12/29/2021,76.56,76.04,77.37,75.36,283.56K,0.0076
12/28/2021,75.98,75.97,76.92,75.53,249.73K,0.0054
12/27/2021,75.57,73.38,76.09,72.57,268.49K,0.0241
12/23/2021,73.79,73.03,73.95,72.27,270.22K,1.42%
12/22/2021,72.76,71.27,73.16,70.8,306.71K,2.31%
12/21/2021,71.12,69.21,71.55,68.56,358.78K,0.0424
12/20/2021,68.23,70.07,70.07,66.04,36.73K,-3.71%
12/17/2021,70.86,71.92,72.26,69.89,78.13K,-2.10%
12/16/2021,72.38,71.48,72.99,71.03,142.54K,2.13%
12/15/2021,70.87,70.35,71.66,69.39,294.34K,0.002
12/14/2021,70.73,71.12,72.03,69.51,359.45K,-0.79%
12/13/2021,71.29,72.04,73,70.71,406.60K,-0.53%
12/10/2021,71.67,70.68,72.33,70.32,397.88K,0.0103
12/09/2021,70.94,72.52,73.34,70.39,393.21K,-1.96%
12/08/2021,72.36,71.86,73,70.91,464.85K,0.0043
12/07/2021,72.05,69.72,73.03,69.52,496.53K,3.68%
12/6/2021,69.49,67.02,70.15,66.72,401.06K,4.87%
12/3/2021,66.26,67.5,69.22,65.6,449.97K,-0.36%
12/2/2021,66.5,65.63,67.49,62.43,668.29K,1.42%
12/01/2021,65.57,67.01,69.49,64.84,602.45K,-0.92%
11/30/2021,66.18,70.04,71.22,64.43,722.48K,-5.39%
11/29/2021,69.95,69.23,72.93,68.86,675.09K,0.0264
11/26/2021,68.15,78.34,78.65,67.4,844.63K,-11.96%
11/25/2021,77.41,78.38,78.65,77.28,,-1.25%
11/24/2021,78.39,78.48,79.23,77.98,328.85K,-0.14%
11/23/2021,78.5,76.46,78.86,75.3,506.99K,0.0228
11/22/2021,76.75,75.75,77.16,74.76,465.77K,0.0085
11/19/2021,76.1,78.76,79.92,75.37,30.70K,-3.68%
11/18/2021,79.01,78.34,79.36,77.08,83.98K,0.83%
11/17/2021,78.36,80.54,80.69,77.69,174.47K,-2.97%
11/16/2021,80.76,80.93,81.81,80.03,325.67K,-0.15%
11/15/2021,80.88,80.66,81.2,79.3,343.48K,0.0011
11/12/2021,80.79,81.21,81.62,79.78,390.30K,-0.98%
11/11/2021,81.59,81.41,82.33,80.2,475.44K,0.0031
11/10/2021,81.34,84.53,84.97,80.81,555.22K,-3.34%
11/09/2021,84.15,82.16,84.63,81.78,504.83K,2.71%
11/08/2021,81.93,81.13,82.67,81.05,393.95K,0.0081
11/05/2021,81.27,79.37,81.8,78.96,531.05K,0.0312
11/04/2021,78.81,80.18,83.42,78.25,701.12K,-2.54%
11/3/2021,80.86,83.07,83.08,79.69,546.58K,-3.63%
11/2/2021,83.91,83.87,84.41,82.92,429.61K,-0.17%
11/01/2021,84.05,83.36,84.88,82.74,412.31K,0.0057
10/29/2021,83.57,83.09,83.74,81.41,507.31K,0.0092
10/28/2021,82.81,82.25,83.21,80.58,491.59K,0.18%
10/27/2021,82.66,84.39,84.51,82.01,529.95K,-2.35%
10/26/2021,84.65,83.72,84.88,82.97,467.72K,0.0106
10/25/2021,83.76,83.98,85.41,83.39,568.73K,0.00%
10/22/2021,83.76,82.61,84.22,81.76,465.36K,1.53%
10/21/2021,82.5,83.58,83.96,80.79,567.50K,-1.63%
10/20/2021,83.87,83.34,84.25,81.3,25.72K,1.10%
10/19/2021,82.96,82.37,83.74,81.8,82.61K,0.0063
10/18/2021,82.44,82.6,83.87,81.84,134.10K,0.0019
10/15/2021,82.28,81.48,82.66,81.39,277.95K,0.0119
10/14/2021,81.31,80.59,81.68,80.38,399.81K,0.0108
10/13/2021,80.44,80.58,81.04,79.42,487.22K,-0.25%
10/12/2021,80.64,80.5,81.62,79.47,598.18K,0.15%
10/11/2021,80.52,79.59,82.18,79.55,653.76K,1.47%
10/08/2021,79.35,78.86,80.11,78.63,662.01K,0.0134
10/07/2021,78.3,77,78.89,74.96,545.01K,0.0112
10/06/2021,77.43,79.04,79.78,76.83,459.06K,-1.90%
10/05/2021,78.93,77.58,79.48,77.47,449.62K,0.0169
10/04/2021,77.62,75.9,78.38,75.32,458.01K,0.0229
10/01/2021,75.88,75.12,75.99,74.23,389.00K,1.13%
09/30/2021,75.03,74.78,76.07,73.14,583.19K,0.0027
09/29/2021,74.83,74.38,75.79,73.74,424.19K,-0.61%
09/28/2021,75.29,75.43,76.67,74.24,476.14K,-0.21%
09/27/2021,75.45,74.19,75.75,74.16,417.83K,1.99%
09/24/2021,73.98,73.24,74.27,72.81,350.38K,0.0093
09/23/2021,73.3,71.97,73.5,71.61,403.41K,1.48%
09/22/2021,72.23,70.85,72.3,70.64,381.06K,2.37%
09/21/2021,70.56,70.59,71.63,69.67,37.61K,0.0038
09/20/2021,70.29,71.92,72.08,69.86,75.84K,-2.33%
09/17/2021,71.97,72.62,72.72,71.21,119.93K,-0.88%
09/16/2021,72.61,72.65,72.99,71.53,298.41K,0.00%
09/15/2021,72.61,70.76,73.14,70.65,418.67K,0.0305
09/14/2021,70.46,70.64,71.22,69.98,414.23K,0.0001
09/13/2021,70.45,69.74,70.97,69.51,390.94K,1.05%
09/10/2021,69.72,67.97,69.96,67.68,411.08K,2.32%
09/09/2021,68.14,69.36,69.89,67.56,556.45K,-1.67%
09/08/2021,69.3,68.37,69.75,68.31,389.33K,1.39%
09/07/2021,68.35,69.11,69.48,67.64,481.70K,-0.65%
09/06/2021,68.8,68.75,69.47,68.27,,0.07%
09/05/2021,68.75,69.22,69.23,68.73,,-0.78%
09/03/2021,69.29,69.76,70.53,69.05,313.09K,-1.00%
09/02/2021,69.99,68.29,70.61,67.84,403.31K,0.0204
09/01/2021,68.59,68.55,69.24,67.12,399.50K,0.13%
08/31/2021,68.5,69.18,69.34,68.16,325.85K,-1.03%
08/30/2021,69.21,69.3,69.64,67.67,360.80K,0.0068
08/27/2021,68.74,67.75,69.05,67.52,326.06K,1.96%
08/26/2021,67.42,68,68.31,67.02,344.29K,-1.38%
08/25/2021,68.36,67.63,68.54,66.92,353.74K,1.21%
08/24/2021,67.54,65.54,67.8,65.41,335.89K,0.0289
08/23/2021,65.64,61.96,66,61.74,397.29K,0.0533
08/20/2021,62.32,64.05,64.1,62.11,24.63K,-2.15%
08/19/2021,63.69,64.58,64.76,62.63,88.24K,-2.70%
08/18/2021,65.46,66.58,67.48,64.34,121.20K,-1.70%
08/17/2021,66.59,67.43,67.72,66.33,235.30K,-1.04%
08/16/2021,67.29,67.71,68.27,65.73,334.84K,-1.68%
08/13/2021,68.44,68.91,69.22,67.77,272.03K,-0.94%
08/12/2021,69.09,69.36,69.62,68.46,352.47K,-0.23%
08/11/2021,69.25,68.51,69.45,66.67,513.29K,1.41%
08/10/2021,68.29,66.85,68.9,66.56,452.13K,0.0272
08/09/2021,66.48,67.88,67.9,65.15,598.38K,-2.64%
08/06/2021,68.28,69.14,70.18,67.8,537.14K,-1.17%
08/05/2021,69.09,68.06,69.35,67.61,416.33K,0.0138
08/04/2021,68.15,70.32,70.81,67.85,582.92K,-3.42%
08/03/2021,70.56,71.52,71.96,69.19,509.94K,-0.98%
08/02/2021,71.26,73.91,73.95,70.55,448.20K,-3.64%
07/30/2021,73.95,73.41,74.23,72.93,303.70K,0.45%
07/29/2021,73.62,72.4,73.68,72.26,294.46K,1.70%
07/28/2021,72.39,71.9,72.6,71.7,318.91K,0.0103
07/27/2021,71.65,72.22,72.33,71.08,333.12K,-0.36%
07/26/2021,71.91,72.18,72.43,70.56,395.74K,-0.22%
07/23/2021,72.07,71.71,72.21,71.39,274.78K,0.0022
07/22/2021,71.91,70.22,72.03,69.86,435.18K,0.0229
07/21/2021,70.3,66.45,70.51,66.44,503.03K,4.27%
07/20/2021,67.42,66.6,67.65,65.21,29.74K,0.0151
07/19/2021,66.42,71.49,71.67,65.63,82.57K,-7.51%
07/16/2021,71.81,71.48,72.3,70.41,133.93K,0.0022
07/15/2021,71.65,72.96,72.96,71.4,368.68K,-2.02%
07/14/2021,73.13,75.17,75.44,72.21,528.36K,-2.82%
07/13/2021,75.25,74.18,75.52,73.68,444.08K,0.0155
07/12/2021,74.1,74.74,74.93,73.16,397.93K,-0.62%
07/09/2021,74.56,73.26,74.76,72.72,422.15K,0.0222
07/08/2021,72.94,72.17,73.26,70.76,529.69K,0.0102
07/07/2021,72.2,73.85,74.86,71.07,607.97K,-1.59%
07/06/2021,73.37,75.35,76.98,72.94,714.04K,-3.78%
07/05/2021,76.25,75.15,76.4,74.75,,0.0148
07/04/2021,75.14,75.22,75.28,75,,-0.03%
07/02/2021,75.16,75.02,75.62,74.41,377.53K,-0.09%
07/01/2021,75.23,73.5,76.22,73.39,615.68K,2.40%
06/30/2021,73.47,73.47,74.14,72.82,383.63K,0.0067
06/29/2021,72.98,72.78,73.81,71.97,321.45K,0.10%
06/28/2021,72.91,73.99,74.45,72.62,354.70K,-1.54%
06/25/2021,74.05,73.32,74.18,72.85,364.72K,0.0102
06/24/2021,73.3,73.28,73.61,72.32,334.83K,0.30%
06/23/2021,73.08,72.91,74.25,72.82,429.21K,0.0003
06/22/2021,73.06,73.41,73.95,72.94,29.00K,-0.81%
06/21/2021,73.66,71.52,73.96,71.15,123.66K,0.0282
06/18/2021,71.64,71.1,72.17,70.16,139.58K,0.0084
06/17/2021,71.04,71.65,72.3,69.77,373.78K,-1.54%
06/16/2021,72.15,72.45,72.99,71.61,426.78K,0.0004
06/15/2021,72.12,71.16,72.49,70.81,336.04K,1.75%
06/14/2021,70.88,70.65,71.78,70.65,319.64K,-0.04%
06/11/2021,70.91,70.1,71.24,69.68,563.58K,0.88%
06/10/2021,70.29,69.76,70.65,68.68,492.46K,0.0047
06/09/2021,69.96,70.01,70.62,69.46,410.82K,-0.13%
06/08/2021,70.05,69.29,70.27,68.47,441.30K,1.18%
06/07/2021,69.23,69.52,70,68.93,365.62K,-0.56%
06/04/2021,69.62,68.91,69.76,68.33,326.25K,0.0118
06/03/2021,68.81,68.76,69.4,68.19,351.37K,-0.03%
06/02/2021,68.83,67.99,69,67.78,333.00K,0.0164
06/01/2021,67.72,66.68,68.87,66.41,570.99K,1.14%
05/31/2021,66.96,66.58,67.41,66.41,,0.0056
05/30/2021,66.59,66.7,66.75,66.53,,0.0041
05/28/2021,66.32,66.95,67.52,66.17,390.46K,-0.79%
05/27/2021,66.85,66.16,66.92,65.47,337.54K,0.97%
05/26/2021,66.21,66.04,66.43,65.25,376.21K,0.0021
05/25/2021,66.07,66.02,66.51,65.41,497.39K,0.0003
05/24/2021,66.05,63.87,66.14,63.63,466.65K,0.0388
05/21/2021,63.58,61.89,64.07,61.56,530.83K,2.47%
05/20/2021,62.05,63.39,63.96,61.89,29.62K,-2.07%
05/19/2021,63.36,65.28,65.35,61.95,101.90K,-3.25%
05/18/2021,65.49,66.33,67.01,64.11,167.35K,-1.18%
05/17/2021,66.27,65.5,66.43,64.83,268.48K,1.38%
05/14/2021,65.37,63.83,65.62,63.33,383.75K,0.0243
05/13/2021,63.82,65.75,65.81,63.09,547.69K,-3.42%
05/12/2021,66.08,65.46,66.63,64.97,508.52K,0.0123
05/11/2021,65.28,64.9,65.5,63.68,514.95K,0.0055
05/10/2021,64.92,65.57,65.75,63.95,448.34K,0.0003
05/07/2021,64.9,64.9,65.24,63.9,431.42K,0.0029
05/06/2021,64.71,65.27,65.98,64.5,389.21K,-1.40%
05/05/2021,65.63,66.45,66.76,64.92,460.07K,-0.09%
05/04/2021,65.69,64.53,66.19,64.29,370.21K,0.0186
05/03/2021,64.49,63.64,64.68,62.91,285.97K,0.0143
04/30/2021,63.58,64.88,64.95,63.08,400.52K,-2.20%
04/29/2021,65.01,63.7,65.47,63.65,384.49K,0.018
04/28/2021,63.86,63.04,64.53,62.67,387.68K,1.46%
04/27/2021,62.94,61.97,63.3,61.91,361.54K,1.66%
04/26/2021,61.91,62.06,62.31,60.66,366.87K,-0.37%
04/23/2021,62.14,61.65,62.43,61.25,345.41K,0.0116
04/22/2021,61.43,61.11,61.87,60.61,344.70K,0.13%
04/21/2021,61.35,62.39,62.56,60.86,431.49K,-1.75%
04/20/2021,62.44,63.47,64.25,61.5,33.04K,-1.48%
04/19/2021,63.38,62.98,63.63,62.63,74.38K,0.004
04/16/2021,63.13,63.32,63.88,62.83,87.80K,-0.52%
04/15/2021,63.46,62.83,63.57,62.53,243.37K,0.49%
04/14/2021,63.15,60.44,63.44,60.38,419.81K,4.94%
04/13/2021,60.18,59.64,60.59,59.64,349.73K,0.80%
04/12/2021,59.7,59.35,60.77,58.73,410.22K,0.64%
04/09/2021,59.32,59.76,59.95,59.1,351.44K,-0.47%
04/08/2021,59.6,59.52,59.93,58.82,419.91K,-0.28%
04/07/2021,59.77,59.26,60.04,58.12,475.54K,0.0074
04/06/2021,59.33,58.8,60.9,58.62,457.35K,1.16%
04/05/2021,58.65,61.5,61.5,57.63,438.86K,-4.56%
04/01/2021,61.45,59.49,61.75,58.86,605.57K,0.0387
03/31/2021,59.16,60.45,61.17,58.85,414.16K,-2.30%
03/30/2021,60.55,61.96,62.27,59.94,388.19K,-1.64%
03/29/2021,61.56,60.93,61.77,59.41,449.36K,0.97%
03/26/2021,60.97,58.48,61.36,58.32,472.00K,4.12%
03/25/2021,58.56,60.8,60.86,57.44,580.11K,-4.28%
03/24/2021,61.18,57.4,61.34,57.29,566.29K,5.92%
03/23/2021,57.76,61.28,61.35,57.25,712.32K,-6.16%
03/22/2021,61.55,61.55,61.9,60.39,28.26K,0.0021
03/19/2021,61.42,59.56,61.72,58.94,84.17K,0.0237
03/18/2021,60,64.42,64.82,58.2,143.60K,-7.12%
03/17/2021,64.6,64.75,65.34,63.6,254.72K,-0.31%
03/16/2021,64.8,65.33,65.43,63.8,317.54K,-0.90%
03/15/2021,65.39,65.56,66.4,64.13,378.01K,-0.34%
03/12/2021,65.61,65.96,66.24,65.41,321.71K,-0.62%
03/11/2021,66.02,64.7,66.21,64.54,441.06K,0.0245
03/10/2021,64.44,63.84,64.96,63.13,498.49K,0.67%
03/09/2021,64.01,64.73,65.98,63.63,554.56K,-1.60%
03/08/2021,65.05,66.68,67.98,64.57,533.38K,-1.57%
03/05/2021,66.09,64.16,66.42,63.82,573.17K,0.0354
03/04/2021,63.83,61.08,64.86,60.52,694.63K,0.0416
03/03/2021,61.28,59.55,61.99,59.24,465.31K,0.0256
03/02/2021,59.75,60.23,61.21,59.38,464.13K,-1.47%
03/01/2021,60.64,61.95,62.92,59.96,456.68K,-1.40%
02/26/2021,61.5,63.46,63.57,61.34,472.72K,-3.20%
02/25/2021,63.53,63.39,63.81,62.65,510.36K,0.0049
02/24/2021,63.22,61.29,63.51,60.97,489.93K,2.51%
02/23/2021,61.67,62.16,63,60.67,570.68K,0.29%
02/22/2021,61.49,58.88,61.84,58.82,37.04K,0.038
02/19/2021,59.24,60.2,60.29,58.59,102.43K,-2.12%
02/18/2021,60.52,61.68,62.26,59.79,132.04K,-1.01%
02/17/2021,61.14,60.24,61.73,59.43,335.42K,0.0182
02/16/2021,60.05,59.98,60.95,59.33,602.33K,-0.07%
02/15/2021,60.09,60.36,60.95,59.96,,-0.46%
02/14/2021,60.37,60.01,60.75,60.01,,1.51%
02/12/2021,59.47,57.94,59.82,57.41,480.82K,2.11%
02/11/2021,58.24,58.4,58.71,57.84,380.45K,-0.75%
02/10/2021,58.68,58.45,58.91,58.08,457.54K,0.55%
02/09/2021,58.36,58.11,58.62,57.27,514.70K,0.0067
02/08/2021,57.97,57.06,58.14,57,399.72K,1.97%
02/05/2021,56.85,56.46,57.29,56.43,400.83K,0.011
02/04/2021,56.23,55.96,56.58,55.3,381.40K,0.0097
02/03/2021,55.69,55.05,56.33,54.81,448.69K,0.017
02/02/2021,54.76,53.48,55.26,53.45,463.72K,0.0226
02/01/2021,53.55,51.99,53.74,51.64,416.07K,2.59%
01/29/2021,52.2,52.15,53.25,51.93,410.91K,-0.27%
01/28/2021,52.34,52.65,53.58,52.04,411.41K,-0.96%
01/27/2021,52.85,52.76,53.3,51.85,442.38K,0.0046
01/26/2021,52.61,52.91,53.25,52.29,314.54K,-0.30%
01/25/2021,52.77,52.17,52.95,51.82,349.08K,0.0096
01/22/2021,52.27,53.1,53.16,51.44,437.48K,-1.62%
01/21/2021,53.13,52.93,53.41,52.75,352.40K,-0.21%
01/20/2021,53.24,53.13,53.79,53.05,37.84K,0.0049
01/19/2021,52.98,52,53.13,51.76,125.96K,0.0118
01/18/2021,52.36,52.2,52.61,51.83,,0.0031
01/17/2021,52.2,52.09,52.38,52.09,,-0.31%
01/15/2021,52.36,53.8,53.83,51.83,165.67K,-2.26%
01/14/2021,53.57,52.84,53.75,52.24,390.09K,0.0125
01/13/2021,52.91,53.31,53.93,52.58,429.90K,-0.56%
01/12/2021,53.21,52.18,53.45,52.07,400.20K,0.0184
01/11/2021,52.25,52.58,52.7,51.5,394.82K,0.0002
01/08/2021,52.24,50.93,52.75,50.81,499.42K,0.0277
01/07/2021,50.83,50.53,51.28,50.39,369.29K,0.004
01/06/2021,50.63,49.82,50.94,49.48,509.37K,0.014
01/05/2021,49.93,47.38,50.2,47.24,643.19K,0.0485
01/04/2021,47.62,48.4,49.83,47.18,528.53K,-1.85%