DATE,Price,Open,High,Low,Vol.,Change %
2024-04-12,2374.10,"2,389.40","2,448.80","2,350.60",,0.0006
2024-04-11,2372.70,"2,351.70","2,395.60","2,343.10",260.42K,0.0103
2024-04-10,2348.40,"2,372.40","2,378.10","2,337.10",353.85K,-0.59%
2024-04-09,2362.40,"2,358.10","2,384.50","2,355.70",279.61K,0.0048
2024-04-08,2351.00,"2,343.60","2,372.50","2,321.70",285.57K,0.0024
2024-04-05,2345.40,"2,309.50","2,350.00","2,286.20",293.21K,0.016
2024-04-04,2308.50,"2,321.00","2,325.30","2,298.70",236.23K,-0.28%
2024-04-03,2315.00,"2,301.70","2,321.80","2,285.70",254.57K,0.0145
2024-04-02,2281.80,"2,272.70","2,301.90","2,267.10",277.23K,0.0109
2024-04-01,2257.10,"2,259.20","2,286.40","2,249.10",220.77K,0.001
2024-03-29,2254.80,"2,254.80","2,254.80","2,254.80",,0.0073
2024-03-28,2238.40,"2,215.70","2,256.90","2,207.50",250.25K,0.0116
2024-03-27,2212.70,"2,200.50","2,218.30","2,193.70",191.46K,0.0114
2024-03-26,2187.80,"2,183.00","2,210.70","2,179.30",1.59K,0.0005
2024-03-25,2186.80,"2,177.50","2,192.70","2,175.00",0.96K,0.0076
2024-03-22,2170.20,"2,193.30","2,198.00","2,169.30",0.64K,-1.13%
2024-03-21,2195.00,"2,200.10","2,231.30","2,178.90",0.92K,0.0111
2024-03-20,2171.00,"2,171.30","2,201.40","2,164.20",0.66K,0.0006
2024-03-19,2169.80,"2,174.20","2,175.00","2,162.10",0.36K,-0.22%
2024-03-18,2174.50,"2,169.10","2,176.00","2,160.00",0.26K,0.0013
2024-03-15,2171.60,"2,175.50","2,186.70","2,169.40",0.21K,0.0019
2024-03-14,2167.50,"2,179.50","2,181.30","2,157.00",207.23K,-0.61%
2024-03-13,2180.80,"2,163.60","2,185.60","2,161.30",232.27K,0.0068
2024-03-12,2166.10,"2,189.10","2,190.80","2,156.20",316.25K,-1.03%
2024-03-11,2188.60,"2,187.60","2,195.50","2,180.90",242.42K,0.0014
2024-03-08,2185.50,"2,166.60","2,203.00","2,161.20",389.68K,0.0094
2024-03-07,2165.20,"2,156.70","2,172.20","2,151.70",267.80K,0.0032
2024-03-06,2158.20,"2,136.40","2,160.70","2,131.90",319.76K,0.0076
2024-03-05,2141.90,"2,123.30","2,150.50","2,118.50",283.15K,0.0073
2024-03-04,2126.30,"2,091.60","2,128.40","2,088.10",328.25K,0.0146
2024-03-01,2095.70,"2,052.80","2,097.10","2,047.00",330.59K,0.02
2024-02-29,2054.70,"2,043.80","2,059.40","2,036.00",227.07K,0.0059
2024-02-28,2042.70,"2,039.70","2,047.40","2,033.40",137.08K,0.0041
2024-02-27,2034.40,"2,031.00","2,038.00","2,028.70",0.96K,0.0026
2024-02-26,2029.10,"2,033.70","2,036.30","2,025.00",1.14K,-0.51%
2024-02-23,2039.40,"2,024.10","2,041.50","2,015.60",0.71K,0.0043
2024-02-22,2030.70,"2,036.50","2,045.50","2,029.30",147.95K,-0.18%
2024-02-21,2034.30,"2,036.20","2,043.50","2,030.90",120.60K,-0.27%
2024-02-20,2039.80,"2,027.70","2,042.70","2,023.90",202.43K,0.0061
2024-02-19,2027.50,"2,025.70","2,034.30","2,024.65",,0.0017
2024-02-16,2024.10,"2,016.10","2,027.20","2,006.60",162.36K,0.0046
2024-02-15,2014.90,"2,004.80","2,020.20","2,001.80",204.25K,0.0038
2024-02-13,2007.20,"2,033.70","2,047.30","2,002.80",217.57K,-1.27%
2024-02-12,2033.00,"2,038.20","2,041.80","2,025.40",116.03K,-0.28%
2024-02-09,2038.70,"2,049.70","2,051.90","2,034.30",116.03K,-0.45%
2024-02-08,2047.90,"2,051.00","2,053.80","2,034.60",137.08K,-0.19%
2024-02-07,2051.70,"2,052.60","2,061.30","2,046.40",125.63K,0.0001
2024-02-06,2051.40,"2,041.40","2,055.30","2,038.80",126.38K,0.0042
2024-02-05,2042.90,"2,057.90","2,059.10","2,030.80",170.43K,-0.53%
2024-02-02,2053.70,"2,072.00","2,074.70","2,044.20",219.80K,-0.84%
2024-02-01,2071.10,"2,057.90","2,083.20","2,046.40",260.92K,0.0018
2024-01-31,2067.40,"2,055.30","2,074.60","2,048.80",238.37K,0.008
2024-01-30,2050.90,"2,051.50","2,068.00","2,047.10",214.59K,0.0079
2024-01-29,2034.90,"2,035.80","2,046.50","2,028.20",1.78K,0.0041
2024-01-26,2026.60,"2,028.90","2,035.70","2,025.40",0.41K,-0.02%
2024-01-25,2027.10,"2,025.40","2,034.00","2,017.00",0.46K,0.0008
2024-01-24,2025.40,"2,039.40","2,046.20","2,021.90",0.80K,-0.48%
2024-01-23,2035.20,"2,032.80","2,045.40","2,031.50",0.37K,0.0018
2024-01-22,2031.50,"2,040.40","2,043.00","2,027.40",0.33K,-0.34%
2024-01-19,2038.50,"2,033.70","2,050.10","2,031.80",0.30K,0.0036
2024-01-18,2031.10,"2,021.30","2,034.20","2,017.50",0.35K,0.0075
2024-01-17,2015.90,"2,040.80","2,041.00","2,014.60",0.18K,-1.17%
2024-01-16,2039.70,"2,060.00","2,069.70","2,037.50",0.48K,-0.88%
2024-01-15,2057.85,"2,051.30","2,062.50","2,049.50",,-0.16%
2024-01-12,2061.10,"2,045.00","2,075.80","2,044.20",0.56K,0.0159
2024-01-11,2028.90,"2,039.40","2,060.10","2,027.40",0.36K,-0.42%
2024-01-10,2037.50,"2,046.20","2,052.00","2,036.40",0.13K,0.0022
2024-01-09,2033.00,"2,034.50","2,048.60","2,031.90",218.75K,-0.02%
2024-01-08,2033.50,"2,052.60","2,053.30","2,022.70",220.99K,-0.80%
2024-01-05,2049.80,"2,051.40","2,071.10","2,030.80",214.68K,-0.01%
2024-01-04,2050.00,"2,049.30","2,058.10","2,043.30",130.26K,0.0035
2024-01-03,2042.80,"2,067.90","2,074.30","2,038.30",221.68K,-1.48%
2024-01-02,2073.40,"2,072.70","2,088.10","2,064.30",157.56K,0.0002
2024-01-01,2072.90,"2,071.75","2,075.70","2,071.75",,0.0005
2023-12-29,2071.80,"2,076.10","2,084.10","2,067.60",105.72K,-0.56%
2023-12-28,2083.50,"2,089.50","2,098.20","2,074.60",129.54K,0.00%
2023-12-27,2083.40,"2,068.00","2,085.30","2,063.30",0.59K,0.0112
2023-12-26,2060.40,"2,056.30","2,069.60","2,056.30",0.29K,-0.30%
2023-12-25,2066.65,"2,065.30","2,067.60","2,065.30",,0.0034
2023-12-22,2059.60,"2,051.50","2,072.30","2,049.40",0.44K,0.0087
2023-12-21,2041.80,"2,034.70","2,048.00","2,034.00",0.54K,0.0018
2023-12-20,2038.10,"2,043.50","2,045.90","2,031.60",0.26K,-0.22%
2023-12-19,2042.60,"2,031.00","2,050.00","2,025.40",0.47K,0.0058
2023-12-18,2030.90,"2,023.70","2,036.30","2,020.80",0.25K,0.0024
2023-12-15,2026.00,"2,038.00","2,049.60","2,020.00",0.63K,-0.45%
2023-12-14,2035.20,"2,031.60","2,053.00","2,030.60",0.56K,0.0237
2023-12-13,1988.10,"1,985.50","2,033.30","1,979.00",2.22K,0.0021
2023-12-12,1983.90,"1,989.00","2,002.70","1,983.50",0.57K,-0.49%
2023-12-11,1993.70,"2,020.00","2,023.70","1,991.20",160.07K,-1.03%
2023-12-08,2014.50,"2,045.70","2,050.40","2,010.60",237.29K,-1.56%
2023-12-07,2046.40,"2,043.40","2,057.20","2,036.60",173.98K,-0.07%
2023-12-06,2047.90,"2,037.80","2,053.40","2,035.30",154.22K,0.0057
2023-12-05,2036.30,"2,049.00","2,059.60","2,027.60",209.55K,-0.29%
2023-12-04,2042.20,"2,094.40","2,152.30","2,038.40",378.22K,-2.27%
2023-12-01,2089.70,"2,056.50","2,095.70","2,052.60",241.62K,0.0158
2023-11-30,2057.20,"2,065.40","2,067.40","2,051.20",151.92K,-0.48%
2023-11-29,2067.10,"2,062.00","2,072.70","2,055.90",197.79K,0.0081
2023-11-28,2050.50,"2,025.00","2,054.40","2,022.90",1.86K,0.0135
2023-11-27,2023.10,"2,012.90","2,027.50","2,012.70",1.06K,0.0047
2023-11-24,2013.70,"2,002.50","2,014.10","2,002.00",0.52K,0.0095
2023-11-23,1994.75,"1,991.60","1,999.40","1,990.85",,-0.43%
2023-11-22,2003.40,"2,010.40","2,015.00","1,999.80",0.67K,-0.43%
2023-11-21,2012.00,"1,994.10","2,019.50","1,993.20",0.67K,0.0107
2023-11-20,1990.70,"1,997.90","1,997.90","1,978.10",0.31K,0.003
2023-11-17,1984.70,"1,984.20","1,996.40","1,981.10",133.12K,-0.13%
2023-11-16,1987.30,"1,963.00","1,991.10","1,959.00",186.81K,0.0117
2023-11-15,1964.30,"1,966.90","1,979.20","1,958.80",142.92K,-0.11%
2023-11-14,1966.50,"1,950.30","1,975.30","1,938.80",180.74K,0.0084
2023-11-13,1950.20,"1,943.40","1,953.50","1,935.60",183.70K,0.0065
2023-11-10,1937.70,"1,964.10","1,965.60","1,936.90",229.64K,-1.63%
2023-11-09,1969.80,"1,955.50","1,971.50","1,948.30",214.08K,0.0061
2023-11-08,1957.80,"1,975.30","1,977.50","1,953.20",189.36K,-0.80%
2023-11-07,1973.50,"1,984.80","1,985.20","1,962.80",218.95K,-0.76%
2023-11-06,1988.60,"1,999.40","2,000.10","1,984.20",146.28K,-0.53%
2023-11-03,1999.20,"1,993.50","2,011.90","1,989.30",222.19K,0.0029
2023-11-02,1993.50,"1,992.00","1,999.20","1,986.30",158.65K,0.003
2023-11-01,1987.50,"1,993.30","2,005.90","1,978.20",197.63K,-0.34%
2023-10-31,1994.30,"2,005.60","2,017.70","1,987.40",214.78K,-0.56%
2023-10-30,2005.60,"2,013.50","2,016.80","1,999.70",181.34K,0.0083
2023-10-27,1989.00,"1,987.50","2,009.80","1,978.50",0.37K,0.0006
2023-10-26,1987.90,"1,981.60","1,992.50","1,974.40",0.20K,0.0012
2023-10-25,1985.50,"1,972.00","1,988.80","1,971.00",0.16K,0.0044
2023-10-24,1976.80,"1,975.10","1,980.30","1,958.30",1.23K,-0.07%
2023-10-23,1978.20,"1,977.90","1,983.10","1,963.60",0.45K,-0.81%
2023-10-20,1994.40,"1,988.00","2,009.20","1,983.70",,0.007
2023-10-19,1980.50,"1,960.10","1,990.20","1,957.00",264.82K,0.0062
2023-10-18,1968.30,"1,936.70","1,975.80","1,935.90",270.05K,0.0168
2023-10-17,1935.70,"1,933.30","1,944.50","1,924.60",165.06K,0.0007
2023-10-16,1934.30,"1,941.30","1,943.00","1,921.20",182.82K,-0.37%
2023-10-13,1941.50,"1,881.70","1,946.20","1,881.50",312.99K,0.0311
2023-10-12,1883.00,"1,888.10","1,898.30","1,880.60",163.48K,-0.23%
2023-10-11,1887.30,"1,873.70","1,890.90","1,871.70",169.96K,0.0064
2023-10-10,1875.30,"1,875.40","1,879.10","1,866.10",157.34K,0.0059
2023-10-09,1864.30,"1,861.00","1,877.30","1,857.50",187.80K,0.0104
2023-10-06,1845.20,"1,834.30","1,849.00","1,823.50",231.02K,0.0073
2023-10-05,1831.80,"1,837.60","1,843.50","1,826.20",172.46K,-0.16%
2023-10-04,1834.80,"1,838.70","1,846.80","1,831.60",195.05K,-0.36%
2023-10-03,1841.50,"1,844.90","1,849.30","1,830.90",216.78K,-0.31%
2023-10-02,1847.20,"1,864.40","1,864.70","1,842.70",202.15K,-1.01%
2023-09-29,1866.10,"1,882.30","1,896.70","1,862.30",245.13K,-0.67%
2023-09-28,1878.60,"1,893.30","1,896.80","1,874.50",231.42K,-0.65%
2023-09-27,1890.90,"1,918.80","1,921.70","1,890.30",238.53K,-1.51%
2023-09-26,1919.80,"1,935.10","1,935.50","1,917.20",212.26K,-0.87%
2023-09-25,1936.60,"1,944.70","1,946.80","1,933.80",164.26K,-0.46%
2023-09-22,1945.60,"1,939.60","1,949.10","1,939.60",139.93K,0.0031
2023-09-21,1939.60,"1,952.00","1,952.20","1,933.10",225.91K,-1.40%
2023-09-20,1967.10,"1,953.00","1,968.90","1,948.60",220.98K,0.0069
2023-09-19,1953.70,"1,955.30","1,958.90","1,950.90",131.10K,0.0002
2023-09-18,1953.40,"1,945.70","1,955.70","1,943.80",138.03K,0.0037
2023-09-15,1946.20,"1,932.50","1,952.40","1,931.20",199.77K,0.0069
2023-09-14,1932.80,"1,930.70","1,934.50","1,921.70",201.74K,0.0002
2023-09-13,1932.50,"1,935.20","1,938.40","1,927.20",161.00K,-0.13%
2023-09-12,1935.10,"1,945.60","1,947.50","1,929.90",161.99K,-0.62%
2023-09-11,1947.20,"1,943.30","1,954.60","1,939.50",131.08K,0.0023
2023-09-08,1942.70,"1,943.80","1,954.00","1,940.80",138.69K,0.0001
2023-09-07,1942.50,"1,942.20","1,947.90","1,940.30",117.17K,-0.09%
2023-09-06,1944.20,"1,951.50","1,954.50","1,940.00",148.78K,-0.43%
2023-09-05,1952.60,"1,966.70","1,972.60","1,950.60",192.79K,-0.54%
2023-09-04,1963.25,"1,966.60","1,972.55","1,962.55",,-0.17%
2023-09-03,1966.65,"1,966.40","1,967.05","1,965.50",,-0.02%
2023-09-01,1967.10,"1,966.40","1,980.20","1,960.70",160.73K,0.0006
2023-08-31,1965.90,"1,970.20","1,974.90","1,965.50",133.71K,-0.36%
2023-08-30,1973.00,"1,966.00","1,977.10","1,962.80",142.38K,0.004
2023-08-29,1965.10,"1,948.10","1,966.50","1,941.70",174.22K,0.0094
2023-08-28,1946.80,"1,944.00","1,954.20","1,940.10",115.55K,0.0036
2023-08-25,1939.90,"1,944.90","1,950.40","1,931.00",166.99K,-0.37%
2023-08-24,1947.10,"1,944.90","1,951.30","1,939.20",137.39K,-0.05%
2023-08-23,1948.10,"1,926.80","1,949.70","1,926.20",170.04K,0.0115
2023-08-22,1926.00,"1,924.00","1,933.20","1,917.50",131.09K,0.0016
2023-08-21,1923.00,"1,918.40","1,927.90","1,913.60",138.11K,0.0034
2023-08-18,1916.50,"1,919.20","1,926.00","1,915.90",114.74K,0.0007
2023-08-17,1915.20,"1,922.40","1,933.50","1,914.20",152.33K,-0.68%
2023-08-16,1928.30,"1,933.10","1,938.20","1,922.00",128.61K,-0.36%
2023-08-15,1935.20,"1,939.40","1,944.30","1,927.50",167.15K,-0.45%
2023-08-14,1944.00,"1,945.60","1,948.20","1,934.20",120.98K,-0.13%
2023-08-11,1946.60,"1,944.90","1,953.60","1,942.70",122.32K,-0.12%
2023-08-10,1948.90,"1,947.70","1,963.50","1,944.40",168.26K,-0.09%
2023-08-09,1950.60,"1,959.30","1,966.10","1,947.20",139.26K,-0.47%
2023-08-08,1959.90,"1,971.50","1,972.80","1,956.50",142.34K,-0.51%
2023-08-07,1970.00,"1,977.60","1,981.70","1,966.10",104.41K,-0.31%
2023-08-04,1976.10,"1,969.60","1,984.20","1,954.50",156.42K,0.0037
2023-08-03,1968.80,"1,970.80","1,974.50","1,964.50",141.35K,-0.31%
2023-08-02,1975.00,"1,988.90","1,992.20","1,969.10",169.66K,-0.19%
2023-08-01,1978.80,"2,004.20","2,004.40","1,978.30",167.76K,-1.51%
2023-07-31,2009.20,"1,997.90","2,010.90","1,986.70",139.96K,0.0047
2023-07-28,1999.90,"1,985.30","2,002.00","1,983.90",159.60K,0.0176
2023-07-27,1965.30,"1,991.80","2,002.00","1,961.40",16.91K,-1.23%
2023-07-26,1989.70,"1,985.90","1,999.30","1,982.80",11.94K,0.0033
2023-07-25,1983.10,"1,976.10","1,986.20","1,971.10",8.63K,0.0008
2023-07-24,1981.60,"1,983.20","1,988.70","1,974.70",6.44K,0.0076
2023-07-21,1966.60,"1,972.10","1,975.90","1,958.80",156.54K,-0.22%
2023-07-20,1970.90,"1,980.00","1,989.80","1,967.70",189.93K,-0.50%
2023-07-19,1980.80,"1,982.50","1,984.60","1,973.30",159.41K,0.00%
2023-07-18,1980.80,"1,958.30","1,988.30","1,958.10",264.09K,0.0125
2023-07-17,1956.40,"1,958.60","1,963.60","1,949.00",165.83K,-0.41%
2023-07-14,1964.40,"1,965.20","1,967.80","1,954.70",209.31K,0.0003
2023-07-13,1963.80,"1,962.70","1,968.50","1,956.60",241.22K,0.0011
2023-07-12,1961.70,"1,938.00","1,965.10","1,937.50",270.87K,0.0127
2023-07-11,1937.10,"1,930.80","1,944.50","1,929.80",189.37K,0.0032
2023-07-10,1931.00,"1,930.70","1,933.70","1,918.00",208.09K,-0.08%
2023-07-07,1932.50,"1,916.60","1,941.10","1,915.40",214.27K,0.0089
2023-07-06,1915.40,"1,922.40","1,934.00","1,908.50",231.51K,-0.61%
2023-07-05,1927.10,"1,929.10","1,942.90","1,922.10",245.93K,-0.35%
2023-07-04,1933.95,"1,928.85","1,938.05","1,927.75",,0.0023
2023-07-03,1929.50,"1,927.80","1,939.90","1,917.70",152.96K,0.0001
2023-06-30,1929.40,"1,916.40","1,930.80","1,908.10",180.69K,0.006
2023-06-29,1917.90,"1,916.50","1,921.30","1,900.60",205.25K,0.0024
2023-06-28,1913.40,"1,915.20","1,916.70","1,903.60",0.63K,-0.09%
2023-06-27,1915.10,"1,927.40","1,930.20","1,912.30",0.23K,-0.52%
2023-06-26,1925.10,"1,926.40","1,934.50","1,923.00",0.77K,0.0021
2023-06-23,1921.00,"1,915.00","1,939.30","1,911.30",0.75K,0.0031
2023-06-22,1915.00,"1,935.90","1,935.90","1,914.00",0.37K,-1.09%
2023-06-21,1936.10,"1,939.50","1,940.70","1,922.20",0.81K,-0.14%
2023-06-20,1938.90,"1,961.70","1,961.70","1,932.40",0.74K,-1.28%
2023-06-19,1964.05,"1,969.55","1,970.85","1,959.90",,-0.27%
2023-06-18,1969.45,"1,970.85","1,971.70","1,968.65",,0.0037
2023-06-16,1962.20,"1,961.30","1,970.60","1,956.70",0.62K,0.0002
2023-06-15,1961.80,"1,948.80","1,963.70","1,929.60",0.82K,-0.36%
2023-06-14,1968.90,"1,957.20","1,973.90","1,952.50",199.71K,0.0053
2023-06-13,1958.60,"1,971.40","1,985.90","1,953.00",198.40K,-0.56%
2023-06-12,1969.70,"1,975.60","1,981.40","1,963.10",122.54K,-0.38%
2023-06-09,1977.20,"1,980.50","1,987.80","1,971.00",130.41K,-0.07%
2023-06-08,1978.60,"1,956.20","1,985.70","1,955.20",191.84K,0.0103
2023-06-07,1958.40,"1,980.00","1,986.50","1,955.40",189.53K,-1.17%
2023-06-06,1981.50,"1,978.00","1,982.90","1,970.30",136.00K,0.0036
2023-06-05,1974.30,"1,962.30","1,980.40","1,953.80",179.99K,0.0024
2023-06-02,1969.60,"1,994.60","2,000.50","1,963.70",209.69K,-1.30%
2023-06-01,1995.50,"1,981.30","2,000.70","1,970.10",176.91K,0.0068
2023-05-31,1982.10,"1,977.50","1,993.10","1,971.80",207.75K,0.0025
2023-05-30,1977.10,"1,961.30","1,981.90","1,949.60",264.37K,0.0089
2023-05-29,1959.75,"1,961.45","1,968.15","1,958.10",,-0.09%
2023-05-28,1961.50,"1,964.55","1,964.55","1,960.05",,-0.08%
2023-05-26,1963.10,"1,961.80","1,975.70","1,954.70",130.07K,0.0103
2023-05-25,1943.10,"1,959.50","1,965.40","1,939.00",0.00K,-1.00%
2023-05-24,1962.80,"1,975.40","1,975.40","1,969.20",0.19K,-0.49%
2023-05-23,1972.40,"1,973.90","1,980.00","1,955.80",0.00K,-0.12%
2023-05-22,1974.80,"1,980.50","1,980.50","1,980.50",0.01K,-0.20%
2023-05-19,1978.70,"1,960.00","1,976.70","1,960.00",0.11K,0.0113
2023-05-18,1956.50,"1,956.80","1,956.80","1,956.80",0.02K,-1.22%
2023-05-17,1980.70,"1,983.60","1,983.60","1,983.60",0.01K,-0.39%
2023-05-16,1988.40,"2,021.30","2,022.70","1,989.10",0.05K,-1.47%
2023-05-15,2018.00,"2,013.80","2,017.10","2,013.80",0.00K,-0.09%
2023-05-12,2019.80,"2,020.50","2,027.80","2,005.70",220.50K,-0.03%
2023-05-11,2020.50,"2,036.80","2,047.60","2,016.70",296.98K,-0.81%
2023-05-10,2037.10,"2,041.60","2,056.00","2,028.30",260.81K,-0.28%
2023-05-09,2042.90,"2,028.40","2,045.10","2,026.40",199.70K,0.0048
2023-05-08,2033.20,"2,024.60","2,037.10","2,022.00",182.21K,0.0041
2023-05-05,2024.80,"2,058.00","2,061.30","2,007.00",283.30K,-1.50%
2023-05-04,2055.70,"2,054.70","2,085.40","2,038.50",311.00K,0.0092
2023-05-03,2037.00,"2,026.40","2,050.00","2,016.00",229.67K,0.0068
2023-05-02,2023.30,"1,990.50","2,028.80","1,986.90",245.64K,0.0156
2023-05-01,1992.20,"2,000.20","2,015.40","1,985.70",173.02K,-0.35%
2023-04-28,1999.10,"1,997.20","2,004.10","1,984.40",172.45K,0.0001
2023-04-27,1999.00,"1,999.80","2,013.30","1,982.00",203.90K,0.0061
2023-04-26,1986.90,"2,000.00","2,009.80","1,986.60",0.62K,-0.41%
2023-04-25,1995.10,"1,995.40","2,005.00","1,979.30",0.85K,0.0023
2023-04-24,1990.60,"1,983.20","1,991.00","1,975.30",0.54K,0.0047
2023-04-21,1981.30,"2,005.10","2,007.00","1,973.00",0.62K,-1.42%
2023-04-20,2009.80,"1,996.50","2,014.50","1,994.20",0.42K,0.0059
2023-04-19,1998.00,"2,008.50","2,009.70","1,971.90",0.92K,-0.61%
2023-04-18,2010.30,"1,997.10","2,013.40","1,994.50",0.22K,0.0081
2023-04-17,1994.20,"2,002.70","2,007.60","1,983.20",0.55K,-0.40%
2023-04-14,2002.20,"2,041.00","2,047.80","1,995.00",0.72K,-1.92%
2023-04-13,2041.30,"2,015.60","2,048.60","2,015.60",1.04K,0.0151
2023-04-12,2010.90,"2,005.20","2,025.70","2,005.20",0.17K,0.003
2023-04-11,2004.80,"1,991.40","2,006.50","1,991.40",0.07K,0.0079
2023-04-10,1989.10,"2,000.00","2,006.60","1,984.00",0.65K,-1.13%
2023-04-06,2011.90,"2,022.20","2,023.30","2,005.00",0.49K,-0.45%
2023-04-05,2020.90,"2,022.10","2,033.80","2,013.60",0.53K,-0.06%
2023-04-04,2022.20,"1,984.60","2,027.10","1,979.00",0.81K,0.0193
2023-04-03,1983.90,"1,968.10","1,991.70","1,950.00",0.74K,0.0076
2023-03-31,1969.00,"1,981.30","1,986.80","1,968.00",0.96K,-0.57%
2023-03-30,1980.30,"1,965.90","1,984.40","1,954.90",10.12K,0.0068
2023-03-29,1966.90,"1,975.40","1,976.00","1,959.50",88.56K,-0.33%
2023-03-28,1973.50,"1,957.80","1,977.10","1,949.90",183.58K,0.001
2023-03-27,1971.50,"2,000.30","2,001.50","1,962.70",107.04K,-1.51%
2023-03-24,2001.70,"2,013.30","2,023.90","1,995.70",118.69K,-0.58%
2023-03-23,2013.30,"1,992.50","2,023.30","1,984.40",74.55K,0.0237
2023-03-22,1966.60,"1,959.70","1,999.40","1,953.70",60.53K,0.0042
2023-03-21,1958.30,"2,000.70","2,005.70","1,955.90",65.17K,-2.07%
2023-03-20,1999.70,"2,008.60","2,031.70","1,987.00",69.06K,0.0048
2023-03-17,1990.20,"1,942.70","2,010.40","1,939.10",67.46K,0.026
2023-03-16,1939.70,"1,940.20","1,954.60","1,928.40",34.77K,-0.43%
2023-03-15,1948.10,"1,924.50","1,959.10","1,906.00",84.73K,0.0195
2023-03-14,1910.90,"1,919.40","1,919.40","1,899.80",261.28K,-0.29%
2023-03-13,1916.50,"1,877.10","1,919.50","1,875.70",452.33K,0.0264
2023-03-10,1867.20,"1,835.10","1,874.30","1,830.00",345.81K,0.0178
2023-03-09,1834.60,"1,818.00","1,839.40","1,815.40",228.47K,0.0088
2023-03-08,1818.60,"1,818.00","1,828.70","1,813.40",208.29K,-0.08%
2023-03-07,1820.00,"1,852.60","1,856.90","1,817.10",248.23K,-1.87%
2023-03-06,1854.60,"1,861.00","1,864.30","1,850.60",136.22K,0.00%
2023-03-03,1854.60,"1,842.10","1,864.40","1,842.00",158.96K,0.0077
2023-03-02,1840.50,"1,843.80","1,845.30","1,835.90",139.76K,-0.27%
2023-03-01,1845.40,"1,834.00","1,852.50","1,829.60",182.58K,0.0047
2023-02-28,1836.70,"1,823.90","1,838.60","1,810.80",184.51K,0.0065
2023-02-27,1824.90,"1,818.00","1,827.30","1,812.00",130.43K,0.0087
2023-02-24,1809.20,"1,825.20","1,827.10","1,808.80",0.40K,-0.53%
2023-02-23,1818.80,"1,823.60","1,832.70","1,818.30",0.65K,-0.79%
2023-02-22,1833.30,"1,837.00","1,846.40","1,825.10",0.57K,-0.50%
2023-02-21,1842.50,"1,850.50","1,856.40","1,839.00",210.17K,-0.43%
2023-02-20,1850.50,"1,847.55","1,856.35","1,846.30",,0.0015
2023-02-19,1847.75,"1,851.20","1,852.15","1,847.55",,0.004
2023-02-17,1840.40,"1,827.40","1,842.20","1,818.40",0.04K,-0.09%
2023-02-16,1842.00,"1,838.60","1,843.70","1,827.20",0.22K,0.0043
2023-02-15,1834.20,"1,842.00","1,842.00","1,828.20",0.37K,-1.07%
2023-02-14,1854.00,"1,854.10","1,862.00","1,846.20",0.66K,0.0011
2023-02-13,1851.90,"1,859.00","1,861.00","1,850.00",0.57K,-0.59%
2023-02-10,1862.80,"1,861.60","1,863.50","1,852.40",0.03K,-0.18%
2023-02-09,1866.20,"1,875.30","1,884.60","1,859.80",0.22K,-0.60%
2023-02-08,1877.40,"1,872.10","1,880.40","1,872.10",0.23K,0.003
2023-02-07,1871.70,"1,870.00","1,875.70","1,868.00",0.30K,0.0029
2023-02-06,1866.20,"1,865.60","1,880.00","1,863.40",0.42K,0.0018
2023-02-03,1862.90,"1,912.40","1,917.00","1,861.50",0.99K,-2.79%
2023-02-02,1916.30,"1,952.30","1,959.10","1,911.30",0.75K,-0.60%
2023-02-01,1927.80,"1,927.20","1,955.00","1,922.00",2.29K,-0.09%
2023-01-31,1929.50,"1,923.00","1,930.40","1,900.60",1.91K,0.0034
2023-01-30,1922.90,"1,928.30","1,933.60","1,920.30",27.22K,-0.71%
2023-01-27,1936.60,"1,936.80","1,943.00","1,923.70",2.33K,-0.05%
2023-01-26,1937.60,"1,955.30","1,957.00","1,926.50",2.10K,-0.65%
2023-01-25,1950.30,"1,946.00","1,956.00","1,928.70",1.27K,0.0037
2023-01-24,1943.10,"1,940.50","1,950.60","1,926.30",1.08K,0.0036
2023-01-23,1936.20,"1,936.10","1,943.70","1,920.10",0.97K,0.0041
2023-01-20,1928.20,"1,933.70","1,939.00","1,922.00",165.27K,0.0022
2023-01-19,1923.90,"1,907.00","1,936.90","1,902.00",214.25K,0.0089
2023-01-18,1907.00,"1,911.10","1,929.80","1,898.60",218.97K,-0.01%
2023-01-17,1907.20,"1,920.10","1,920.10","1,905.20",0.71K,-0.14%
2023-01-16,1909.90,"1,923.80","1,931.80","1,906.20",268.37K,-0.52%
2023-01-15,1919.90,"1,923.25","1,923.60","1,919.85",,-0.09%
2023-01-13,1921.70,"1,898.80","1,925.30","1,895.10",247.88K,0.0121
2023-01-12,1898.80,"1,879.70","1,906.50","1,872.40",265.17K,0.0106
2023-01-11,1878.90,"1,881.30","1,890.90","1,870.90",222.25K,0.0013
2023-01-10,1876.50,"1,875.70","1,885.20","1,872.00",170.51K,-0.07%
2023-01-09,1877.80,"1,872.80","1,886.40","1,869.30",204.55K,0.0043
2023-01-06,1869.70,"1,835.90","1,875.20","1,835.20",215.37K,0.0158
2023-01-05,1840.60,"1,861.20","1,864.30","1,829.90",188.60K,-0.99%
2023-01-04,1859.00,"1,845.20","1,871.30","1,842.00",198.35K,0.007
2023-01-03,1846.10,"1,831.80","1,856.60","1,831.30",212.27K,0.0056
2023-01-02,1835.80,"1,834.55","1,837.90","1,831.40",,0.0053
2022-12-30,1826.20,"1,821.80","1,832.40","1,819.80",107.50K,0.0001
2022-12-29,1826.00,"1,812.30","1,827.30","1,811.20",105.99K,0.0056
2022-12-28,1815.80,"1,822.40","1,822.80","1,804.20",118.08K,-0.40%
2022-12-27,1823.10,"1,808.20","1,841.90","1,808.00",159.62K,0.0074
2022-12-26,1809.70,"1,805.80","1,811.95","1,805.55",,0.003
2022-12-23,1804.20,"1,801.00","1,812.20","1,798.90",105.46K,0.005
2022-12-22,1795.30,"1,823.80","1,829.30","1,792.70",175.77K,-1.65%
2022-12-21,1825.40,"1,827.90","1,833.80","1,821.30",110.18K,0.00%
2022-12-20,1825.40,"1,796.80","1,832.40","1,793.70",197.50K,0.0154
2022-12-19,1797.70,"1,801.60","1,808.60","1,793.20",86.09K,-0.14%
2022-12-16,1800.20,"1,786.90","1,804.20","1,783.90",128.75K,0.0069
2022-12-15,1787.80,"1,818.70","1,819.70","1,782.00",185.32K,-1.70%
2022-12-14,1818.70,"1,822.60","1,825.40","1,806.20",143.80K,-0.37%
2022-12-13,1825.50,"1,792.30","1,836.90","1,791.80",230.91K,0.0185
2022-12-12,1792.30,"1,808.00","1,809.30","1,789.00",107.78K,-1.02%
2022-12-09,1810.70,"1,801.90","1,819.00","1,800.10",150.94K,0.0051
2022-12-08,1801.50,"1,799.50","1,806.90","1,793.20",116.27K,0.0019
2022-12-07,1798.00,"1,783.30","1,803.20","1,780.50",155.57K,0.0088
2022-12-06,1782.40,"1,780.80","1,793.20","1,779.10",127.86K,0.0006
2022-12-05,1781.30,"1,810.50","1,822.90","1,778.10",179.82K,-1.56%
2022-12-02,1809.60,"1,817.00","1,818.70","1,791.80",183.72K,-0.31%
2022-12-01,1815.20,"1,783.10","1,818.40","1,782.90",226.15K,0.0314
2022-11-30,1759.90,"1,763.40","1,784.20","1,758.20",192.24K,-0.22%
2022-11-29,1763.70,"1,754.60","1,773.40","1,752.90",127.32K,0.0134
2022-11-28,1740.30,"1,755.00","1,763.50","1,738.20",132.77K,-0.78%
2022-11-25,1754.00,"1,751.00","1,761.20","1,745.90",134.30K,0.00%
2022-11-24,1754.00,"1,751.00","1,761.20","1,745.90",134.30K,0.0048
2022-11-23,1745.60,"1,740.80","1,754.90","1,719.00",167.77K,0.0033
2022-11-22,1739.90,"1,739.70","1,751.00","1,737.60",153.09K,0.0002
2022-11-21,1739.60,"1,752.00","1,755.00","1,733.90",166.08K,-0.84%
2022-11-18,1754.40,"1,763.10","1,769.90","1,749.20",137.33K,-0.49%
2022-11-17,1763.00,"1,777.00","1,777.60","1,756.60",169.10K,-0.72%
2022-11-16,1775.80,"1,782.00","1,788.20","1,773.40",200.76K,-0.06%
2022-11-15,1776.80,"1,774.00","1,791.80","1,770.20",283.02K,-0.01%
2022-11-14,1776.90,"1,769.40","1,778.40","1,755.80",191.35K,0.0042
2022-11-11,1769.40,"1,758.30","1,775.60","1,750.30",227.04K,0.009
2022-11-10,1753.70,"1,709.70","1,760.60","1,705.50",305.72K,0.0233
2022-11-09,1713.70,"1,715.20","1,725.80","1,705.10",239.65K,-0.13%
2022-11-08,1716.00,"1,678.00","1,720.40","1,667.10",297.62K,0.0211
2022-11-07,1680.50,"1,678.60","1,685.60","1,670.00",187.59K,0.0023
2022-11-04,1676.60,"1,631.70","1,686.40","1,631.10",293.52K,0.028
2022-11-03,1630.90,"1,639.10","1,643.20","1,618.30",254.70K,-1.16%
2022-11-02,1650.00,"1,651.40","1,673.10","1,637.40",220.93K,0.0002
2022-11-01,1649.70,"1,636.10","1,660.30","1,633.60",197.98K,0.0055
2022-10-31,1640.70,"1,647.20","1,648.50","1,634.50",128.41K,-0.25%
2022-10-28,1644.80,"1,667.20","1,670.90","1,640.70",196.36K,-1.25%
2022-10-27,1665.60,"1,668.80","1,674.80","1,658.50",189.29K,-0.22%
2022-10-26,1669.20,"1,657.70","1,679.40","1,653.80",186.93K,0.0068
2022-10-25,1658.00,"1,654.50","1,666.80","1,641.20",182.80K,0.0024
2022-10-24,1654.10,"1,662.90","1,675.50","1,648.00",171.02K,-0.13%
2022-10-21,1656.30,"1,632.40","1,663.10","1,621.10",271.10K,0.0119
2022-10-20,1636.80,"1,634.60","1,650.30","1,626.30",163.73K,0.0016
2022-10-19,1634.20,"1,657.20","1,659.80","1,632.20",179.25K,-1.30%
2022-10-18,1655.80,"1,655.90","1,666.00","1,650.60",163.17K,-0.49%
2022-10-17,1664.00,"1,649.90","1,674.30","1,649.10",148.89K,0.0092
2022-10-14,1648.90,"1,672.80","1,677.80","1,645.60",183.17K,-1.68%
2022-10-13,1677.00,"1,680.20","1,688.90","1,648.30",237.01K,-0.03%
2022-10-12,1677.50,"1,673.40","1,685.10","1,668.00",131.77K,-0.50%
2022-10-11,1686.00,"1,675.60","1,691.30","1,667.50",171.81K,0.0064
2022-10-10,1675.20,"1,703.40","1,707.40","1,672.50",157.15K,-1.99%
2022-10-07,1709.30,"1,721.00","1,722.80","1,698.40",157.45K,-0.67%
2022-10-06,1720.80,"1,725.50","1,734.20","1,714.80",139.44K,0.00%
2022-10-05,1720.80,"1,734.40","1,736.60","1,708.80",173.22K,-0.56%
2022-10-04,1730.50,"1,708.40","1,738.70","1,704.00",205.08K,0.0167
2022-10-03,1702.00,"1,670.50","1,710.40","1,666.50",215.49K,0.0179
2022-09-30,1672.00,"1,669.50","1,684.40","1,667.50",179.99K,0.002
2022-09-29,1668.60,"1,669.00","1,673.10","1,649.30",201.96K,-0.08%
2022-09-28,1670.00,"1,636.50","1,671.60","1,622.20",279.82K,0.0207
2022-09-27,1636.20,"1,629.20","1,650.10","1,628.70",197.06K,0.0017
2022-09-26,1633.40,"1,651.00","1,657.20","1,627.70",219.86K,-1.34%
2022-09-23,1655.60,"1,680.10","1,685.00","1,646.60",243.05K,-1.52%
2022-09-22,1681.10,"1,682.80","1,693.50","1,663.30",241.28K,0.0032
2022-09-21,1675.70,"1,673.20","1,696.90","1,661.30",227.94K,0.0028
2022-09-20,1671.10,"1,684.90","1,688.80","1,668.10",143.93K,-0.42%
2022-09-19,1678.20,"1,685.40","1,688.80","1,667.60",141.17K,-0.31%
2022-09-16,1683.50,"1,673.70","1,689.90","1,661.90",217.23K,0.0037
2022-09-15,1677.30,"1,707.20","1,707.80","1,668.90",268.09K,-1.86%
2022-09-14,1709.10,"1,711.60","1,717.30","1,703.30",163.29K,-0.48%
2022-09-13,1717.40,"1,736.00","1,742.90","1,706.70",232.70K,-1.33%
2022-09-12,1740.60,"1,728.40","1,746.40","1,722.30",154.37K,0.0069
2022-09-09,1728.60,"1,719.60","1,740.50","1,719.40",154.71K,0.0049
2022-09-08,1720.20,"1,729.50","1,739.40","1,713.70",184.18K,-0.44%
2022-09-07,1727.80,"1,712.90","1,731.20","1,701.70",173.62K,0.0117
2022-09-06,1707.90,"1,719.70","1,719.70","1,714.20",0.02K,-0.29%
2022-09-05,1712.90,"1,724.20","1,737.40","1,710.60",206.27K,-0.33%
2022-09-04,1718.65,"1,723.60","1,723.75","1,718.65",,-0.23%
2022-09-02,1722.60,"1,707.80","1,729.50","1,705.90",174.68K,0.0078
2022-09-01,1709.30,"1,723.00","1,723.00","1,699.10",198.62K,-0.98%
2022-08-31,1726.20,"1,735.50","1,738.00","1,720.60",176.73K,-0.58%
2022-08-30,1736.30,"1,749.80","1,752.80","1,732.90",130.66K,-0.77%
2022-08-29,1749.70,"1,748.40","1,757.90","1,731.40",156.22K,-0.01%
2022-08-26,1749.80,"1,771.80","1,772.30","1,746.20",176.90K,-1.22%
2022-08-25,1771.40,"1,764.40","1,778.80","1,763.00",117.57K,0.0056
2022-08-24,1761.50,"1,761.30","1,769.50","1,754.80",112.65K,0.0002
2022-08-23,1761.20,"1,750.00","1,767.50","1,743.10",145.26K,0.0073
2022-08-22,1748.40,"1,760.60","1,762.10","1,740.20",142.86K,-0.82%
2022-08-19,1762.90,"1,773.10","1,773.30","1,759.10",138.70K,-0.47%
2022-08-18,1771.20,"1,777.10","1,786.30","1,768.80",124.32K,-0.31%
2022-08-17,1776.70,"1,790.80","1,796.60","1,773.90",137.83K,-0.73%
2022-08-16,1789.70,"1,795.50","1,798.00","1,785.40",94.40K,-0.47%
2022-08-15,1798.10,"1,818.90","1,818.90","1,787.60",137.77K,-0.96%
2022-08-12,1815.50,"1,805.20","1,819.10","1,799.60",118.65K,0.0046
2022-08-11,1807.20,"1,807.90","1,814.90","1,798.60",121.26K,-0.36%
2022-08-10,1813.70,"1,811.50","1,824.60","1,803.30",154.59K,0.0008
2022-08-09,1812.30,"1,805.50","1,817.00","1,799.40",120.51K,0.0039
2022-08-08,1805.20,"1,790.30","1,806.40","1,786.90",103.68K,0.0078
2022-08-05,1791.20,"1,807.70","1,811.60","1,780.20",168.90K,-0.87%
2022-08-04,1806.90,"1,782.10","1,812.00","1,779.40",153.29K,0.0172
2022-08-03,1776.40,"1,777.30","1,789.40","1,770.00",151.73K,-0.74%
2022-08-02,1789.70,"1,789.20","1,805.00","1,776.00",174.17K,0.0011
2022-08-01,1787.70,"1,782.50","1,792.50","1,774.30",133.74K,0.0033
2022-07-29,1781.80,"1,773.10","1,784.60","1,768.40",136.89K,0.0071
2022-07-28,1769.20,"1,751.40","1,774.40","1,750.40",192.86K,0.0291
2022-07-27,1719.10,"1,715.20","1,739.60","1,709.10",144.87K,0.0008
2022-07-26,1717.70,"1,717.90","1,726.40","1,711.50",147.37K,-0.08%
2022-07-25,1719.10,"1,726.30","1,734.60","1,712.90",160.72K,-0.48%
2022-07-22,1727.40,"1,717.20","1,738.30","1,711.70",200.62K,0.0082
2022-07-21,1713.40,"1,693.70","1,719.50","1,678.40",248.88K,0.0078
2022-07-20,1700.20,"1,709.50","1,712.70","1,690.10",174.47K,-0.61%
2022-07-19,1710.70,"1,707.20","1,716.50","1,702.60",131.77K,0.0003
2022-07-18,1710.20,"1,706.40","1,722.00","1,704.40",157.54K,0.0039
2022-07-15,1703.60,"1,708.20","1,714.20","1,696.60",176.80K,-0.13%
2022-07-14,1705.80,"1,733.60","1,734.80","1,695.00",266.35K,-1.71%
2022-07-13,1735.50,"1,723.60","1,744.30","1,704.50",300.55K,0.0062
2022-07-12,1724.80,"1,731.30","1,742.20","1,721.60",255.17K,-0.40%
2022-07-11,1731.70,"1,741.50","1,743.00","1,729.00",171.90K,-0.61%
2022-07-08,1742.30,"1,738.70","1,751.70","1,726.00",189.18K,0.0015
2022-07-07,1739.70,"1,737.20","1,748.20","1,734.70",151.26K,0.0018
2022-07-06,1736.50,"1,764.20","1,771.50","1,730.70",258.82K,-1.83%
2022-07-05,1768.90,"1,817.00","1,817.00","1,768.90",1.33K,0.0028
2022-07-04,1763.90,"1,814.40","1,815.20","1,763.00",310.37K,-2.09%
2022-07-01,1801.50,"1,808.10","1,813.60","1,783.40",249.49K,-0.32%
2022-06-30,1807.30,"1,819.20","1,826.80","1,802.50",208.90K,-0.56%
2022-06-29,1817.50,"1,821.40","1,834.90","1,810.70",155.54K,-0.20%
2022-06-28,1821.20,"1,823.60","1,830.90","1,819.10",111.40K,-0.20%
2022-06-27,1824.80,"1,839.60","1,842.80","1,821.80",143.82K,-0.30%
2022-06-24,1830.30,"1,824.20","1,833.70","1,817.70",139.72K,0.0003
2022-06-23,1829.80,"1,839.70","1,848.90","1,823.50",167.07K,-0.47%
2022-06-22,1838.40,"1,834.90","1,850.30","1,824.50",149.55K,-0.02%
2022-06-21,1838.80,"1,840.60","1,848.40","1,830.70",176.30K,0.00%
2022-06-20,1838.80,"1,840.60","1,848.40","1,830.70",176.30K,-0.10%
2022-06-17,1840.60,"1,859.30","1,861.50","1,836.10",141.72K,-0.50%
2022-06-16,1849.90,"1,835.80","1,860.20","1,816.30",180.89K,0.0167
2022-06-15,1819.60,"1,809.70","1,845.40","1,808.40",203.42K,0.0034
2022-06-14,1813.50,"1,820.90","1,833.30","1,806.10",165.15K,-1.00%
2022-06-13,1831.80,"1,879.00","1,882.50","1,819.00",252.54K,-2.33%
2022-06-10,1875.50,"1,850.40","1,879.60","1,826.50",267.20K,0.0123
2022-06-09,1852.80,"1,855.10","1,857.80","1,841.90",131.29K,-0.20%
2022-06-08,1856.50,"1,855.00","1,862.40","1,846.60",114.14K,0.0024
2022-06-07,1852.10,"1,843.50","1,858.20","1,838.50",119.21K,0.0046
2022-06-06,1843.70,"1,853.70","1,861.20","1,843.00",103.18K,-0.35%
2022-06-03,1850.20,"1,872.60","1,878.60","1,849.70",115.34K,-1.13%
2022-06-02,1871.40,"1,849.90","1,874.40","1,846.50",127.47K,0.0123
2022-06-01,1848.70,"1,840.00","1,853.00","1,830.20",158.04K,0.0002
2022-05-31,1848.40,"1,856.50","1,867.90","1,837.60",201.80K,0.00%
2022-05-30,1848.40,"1,856.50","1,867.90","1,837.60",201.80K,-0.48%
2022-05-27,1857.30,"1,855.10","1,866.90","1,851.90",123.76K,0.0053
2022-05-26,1847.60,"1,851.80","1,852.80","1,836.30",123.36K,0.0007
2022-05-25,1846.30,"1,865.40","1,866.70","1,838.70",182.82K,-1.02%
2022-05-24,1865.40,"1,852.30","1,869.10","1,847.60",174.76K,0.0095
2022-05-23,1847.80,"1,844.40","1,864.30","1,843.30",163.27K,0.0031
2022-05-20,1842.10,"1,839.60","1,847.80","1,830.60",143.05K,0.0005
2022-05-19,1841.20,"1,815.10","1,848.20","1,808.40",175.24K,0.0139
2022-05-18,1815.90,"1,813.20","1,822.90","1,805.00",150.35K,-0.16%
2022-05-17,1818.90,"1,823.90","1,834.80","1,811.00",137.29K,0.0027
2022-05-16,1814.00,"1,809.40","1,826.00","1,785.00",159.49K,0.0032
2022-05-13,1808.20,"1,821.40","1,827.60","1,797.20",179.48K,-0.90%
2022-05-12,1824.60,"1,852.30","1,858.80","1,820.10",255.61K,-1.57%
2022-05-11,1853.70,"1,836.60","1,857.80","1,830.60",243.56K,0.0069
2022-05-10,1841.00,"1,853.90","1,864.70","1,834.50",260.81K,-0.95%
2022-05-09,1858.60,"1,883.70","1,885.60","1,851.00",218.82K,-1.29%
2022-05-06,1882.80,"1,877.50","1,894.00","1,865.00",194.28K,0.0038
2022-05-05,1875.70,"1,884.10","1,910.70","1,872.30",218.39K,0.0037
2022-05-04,1868.80,"1,868.30","1,892.00","1,861.10",161.48K,-0.10%
2022-05-03,1870.60,"1,863.60","1,878.40","1,849.70",167.43K,0.0038
2022-05-02,1863.60,"1,896.20","1,900.40","1,853.40",193.83K,-2.52%
2022-04-29,1911.70,"1,895.80","1,921.30","1,893.50",177.14K,0.0108
2022-04-28,1891.30,"1,886.80","1,897.80","1,870.90",170.91K,0.0014
2022-04-27,1888.70,"1,907.40","1,908.10","1,881.60",178.20K,-0.81%
2022-04-26,1904.10,"1,899.80","1,912.20","1,896.30",166.20K,0.0043
2022-04-25,1896.00,"1,931.90","1,935.50","1,891.80",231.49K,-1.98%
2022-04-22,1934.30,"1,953.10","1,957.80","1,928.00",176.68K,-0.71%
2022-04-21,1948.20,"1,960.00","1,960.10","1,938.00",154.92K,-0.38%
2022-04-20,1955.60,"1,952.70","1,960.90","1,941.00",139.51K,-0.17%
2022-04-19,1959.00,"1,981.20","1,985.10","1,945.50",181.44K,-1.38%
2022-04-18,1986.40,"1,978.50","2,003.00","1,974.40",138.13K,0.0058
2022-04-14,1974.90,"1,981.60","1,984.00","1,962.70",139.42K,-0.49%
2022-04-13,1984.70,"1,970.50","1,985.80","1,966.30",132.03K,0.0044
2022-04-12,1976.10,"1,957.40","1,982.70","1,953.00",172.39K,0.0143
2022-04-11,1948.20,"1,949.60","1,974.60","1,942.90",184.39K,0.0013
2022-04-08,1945.60,"1,934.30","1,952.20","1,930.40",142.50K,0.004
2022-04-07,1937.80,"1,928.10","1,941.70","1,923.30",122.81K,0.0076
2022-04-06,1923.10,"1,927.60","1,937.60","1,916.20",153.97K,-0.23%
2022-04-05,1927.50,"1,937.30","1,948.90","1,920.90",147.26K,-0.34%
2022-04-04,1934.00,"1,927.10","1,941.60","1,918.20",108.44K,0.0054
2022-04-01,1923.70,"1,942.40","1,944.50","1,921.40",135.15K,-1.55%
2022-03-31,1954.00,"1,937.30","1,955.00","1,923.00",155.30K,0.0077
2022-03-30,1939.00,"1,924.00","1,943.40","1,920.10",136.04K,0.014
2022-03-29,1912.20,"1,922.40","1,929.40","1,888.30",128.05K,-1.42%
2022-03-28,1939.80,"1,958.70","1,959.80","1,915.70",181.37K,-0.74%
2022-03-25,1954.20,"1,957.80","1,965.10","1,942.60",147.90K,-0.41%
2022-03-24,1962.20,"1,944.10","1,967.20","1,937.40",181.20K,0.0129
2022-03-23,1937.30,"1,920.90","1,948.80","1,915.60",153.31K,0.0082
2022-03-22,1921.50,"1,936.10","1,939.50","1,909.80",153.28K,-0.41%
2022-03-21,1929.50,"1,922.40","1,941.80","1,917.20",146.41K,0.0001
2022-03-18,1929.30,"1,943.90","1,946.20","1,918.00",150.88K,-0.72%
2022-03-17,1943.20,"1,928.40","1,951.00","1,924.00",149.83K,0.0178
2022-03-16,1909.20,"1,920.10","1,930.10","1,895.20",195.46K,-1.06%
2022-03-15,1929.70,"1,953.70","1,956.90","1,908.10",220.37K,-1.59%
2022-03-14,1960.80,"1,988.70","1,994.80","1,952.00",162.20K,-1.22%
2022-03-11,1985.00,"2,000.30","2,004.00","1,960.60",262.09K,-0.77%
2022-03-10,2000.40,"1,992.80","2,015.10","1,975.00",303.27K,0.0061
2022-03-09,1988.20,"2,060.20","2,068.50","1,981.00",360.35K,-2.70%
2022-03-08,2043.30,"2,001.00","2,078.80","1,985.80",447.65K,0.0237
2022-03-07,1995.90,"1,978.50","2,007.50","1,964.20",372.19K,0.0149
2022-03-04,1966.60,"1,938.50","1,974.90","1,931.50",241.53K,0.0159
2022-03-03,1935.90,"1,931.70","1,944.60","1,923.10",180.21K,0.0071
2022-03-02,1922.30,"1,945.30","1,951.40","1,916.00",227.98K,-1.11%
2022-03-01,1943.80,"1,908.40","1,952.60","1,903.00",224.00K,0.0227
2022-02-28,1900.70,"1,921.00","1,935.20","1,892.20",249.27K,0.0069
2022-02-25,1887.60,"1,906.50","1,925.00","1,884.40",229.78K,-2.01%
2022-02-24,1926.30,"1,911.90","1,976.50","1,878.60",423.05K,0.0083
2022-02-23,1910.40,"1,901.20","1,912.90","1,891.10",154.84K,0.0016
2022-02-22,1907.40,"1,903.50","1,918.30","1,889.70",334.59K,0.00%
2022-02-21,1907.40,"1,903.50","1,918.30","1,889.70",334.59K,0.004
2022-02-18,1899.80,"1,901.40","1,905.00","1,888.00",161.75K,-0.12%
2022-02-17,1902.00,"1,872.00","1,904.00","1,869.70",268.55K,0.0163
2022-02-16,1871.50,"1,855.50","1,874.60","1,851.80",141.49K,0.0082
2022-02-15,1856.20,"1,873.80","1,881.60","1,845.40",214.88K,-0.71%
2022-02-14,1869.40,"1,862.20","1,876.50","1,851.90",231.02K,0.0148
2022-02-11,1842.10,"1,827.00","1,867.40","1,821.10",239.09K,0.0026
2022-02-10,1837.40,"1,834.00","1,843.30","1,821.80",227.46K,0.0004
2022-02-09,1836.60,"1,827.00","1,837.10","1,825.50",136.72K,0.0048
2022-02-08,1827.90,"1,821.50","1,829.90","1,816.00",142.41K,0.0033
2022-02-07,1821.80,"1,808.00","1,824.60","1,807.50",139.81K,0.0077
2022-02-04,1807.80,"1,805.40","1,815.80","1,792.10",177.71K,0.0021
2022-02-03,1804.10,"1,807.40","1,809.50","1,788.50",173.72K,-0.34%
2022-02-02,1810.30,"1,800.80","1,812.00","1,794.60",123.02K,0.0049
2022-02-01,1801.50,"1,798.90","1,809.70","1,796.20",128.88K,0.0028
2022-01-31,1796.40,"1,792.80","1,800.90","1,785.80",139.42K,0.0055
2022-01-28,1786.60,"1,799.60","1,800.30","1,780.60",217.15K,-0.36%
2022-01-27,1793.10,"1,819.00","1,821.40","1,790.60",196.04K,-2.00%
2022-01-26,1829.70,"1,848.00","1,850.20","1,814.10",270.03K,-1.23%
2022-01-25,1852.50,"1,843.60","1,854.20","1,834.40",197.80K,0.0059
2022-01-24,1841.70,"1,835.20","1,844.90","1,829.30",244.33K,0.0054
2022-01-21,1831.80,"1,840.60","1,843.70","1,828.40",225.25K,-0.59%
2022-01-20,1842.60,"1,840.10","1,848.50","1,836.20",233.86K,-0.03%
2022-01-19,1843.20,"1,812.90","1,843.90","1,809.00",318.49K,0.016
2022-01-18,1814.10,"1,818.70","1,824.20","1,806.90",0.34K,0.0009
2022-01-17,1812.40,"1,818.70","1,822.90","1,804.70",362.94K,-0.23%
2022-01-14,1816.50,"1,822.10","1,829.30","1,814.20",174.94K,-0.27%
2022-01-13,1821.40,"1,825.70","1,828.30","1,811.80",215.52K,-0.32%
2022-01-12,1827.30,"1,821.30","1,828.20","1,814.40",192.98K,0.0048
2022-01-11,1818.50,"1,801.30","1,823.10","1,799.70",184.15K,0.011
2022-01-10,1798.80,"1,796.40","1,802.00","1,789.30",173.04K,0.0008
2022-01-07,1797.40,"1,791.00","1,798.40","1,781.30",238.93K,0.0046
2022-01-06,1789.20,"1,810.60","1,811.60","1,785.40",238.64K,-1.97%
2022-01-05,1825.10,"1,815.20","1,830.70","1,808.20",173.34K,0.0058
2022-01-04,1814.60,"1,801.10","1,817.20","1,798.10",167.71K,0.0081
2022-01-03,1800.10,"1,830.10","1,833.00","1,798.20",168.31K,-1.56%
2021-12-31,1828.60,"1,817.00","1,831.40","1,815.40",106.60K,0.008
2021-12-30,1814.10,"1,805.60","1,818.10","1,796.20",113.43K,0.0046
2021-12-29,1805.80,"1,806.60","1,808.00","1,789.10",138.69K,-0.28%
2021-12-28,1810.90,"1,812.10","1,821.60","1,805.50",100.54K,0.0012
2021-12-27,1808.80,"1,810.20","1,814.60","1,803.60",84.23K,-0.16%
2021-12-23,1811.70,"1,805.60","1,812.00","1,799.00",104.84K,0.0053
2021-12-22,1802.20,"1,789.40","1,806.30","1,785.80",110.41K,0.0075
2021-12-21,1788.70,"1,791.40","1,801.70","1,785.00",134.15K,-0.33%
2021-12-20,1794.60,"1,800.20","1,804.60","1,789.00",105.39K,-0.57%
2021-12-17,1804.90,"1,801.50","1,815.70","1,796.50",156.61K,0.0037
2021-12-16,1798.20,"1,777.90","1,800.70","1,775.70",167.78K,0.0191
2021-12-15,1764.50,"1,771.90","1,781.30","1,753.00",161.10K,-0.44%
2021-12-14,1772.30,"1,787.60","1,789.80","1,766.10",153.25K,-0.89%
2021-12-13,1788.30,"1,784.20","1,792.80","1,782.20",106.06K,0.002
2021-12-10,1784.80,"1,776.30","1,791.00","1,770.40",142.00K,0.0046
2021-12-09,1776.70,"1,784.30","1,788.40","1,773.30",123.97K,-0.49%
2021-12-08,1785.50,"1,785.10","1,794.30","1,780.10",109.69K,0.0004
2021-12-07,1784.70,"1,779.50","1,789.30","1,772.40",129.89K,0.0029
2021-12-06,1779.50,"1,787.70","1,789.00","1,776.40",104.48K,-0.25%
2021-12-03,1783.90,"1,769.40","1,788.00","1,766.00",175.18K,0.012
2021-12-02,1762.70,"1,783.80","1,785.20","1,762.20",172.72K,-1.21%
2021-12-01,1784.30,"1,777.40","1,795.70","1,773.70",180.34K,0.0044
2021-11-30,1776.50,"1,786.90","1,811.40","1,771.20",242.86K,-0.49%
2021-11-29,1785.20,"1,795.20","1,801.50","1,782.00",151.37K,-0.10%
2021-11-26,1786.90,"1,788.40","1,817.70","1,780.50",2.97K,-0.07%
2021-11-25,1788.10,"1,792.30","1,819.30","1,781.60",180.64K,0.0021
2021-11-24,1784.30,"1,789.80","1,796.20","1,777.40",203.24K,0.0003
2021-11-23,1783.80,"1,807.10","1,812.50","1,781.70",311.35K,-1.25%
2021-11-22,1806.30,"1,848.30","1,850.40","1,802.40",352.86K,-2.45%
2021-11-19,1851.60,"1,860.80","1,868.10","1,844.20",234.08K,-0.53%
2021-11-18,1861.40,"1,869.50","1,873.30","1,856.60",186.06K,-0.47%
2021-11-17,1870.20,"1,851.60","1,870.60","1,851.10",172.42K,0.0087
2021-11-16,1854.10,"1,864.90","1,879.50","1,851.00",220.43K,-0.67%
2021-11-15,1866.60,"1,872.60","1,873.00","1,858.50",221.21K,-0.10%
2021-11-12,1868.50,"1,864.30","1,871.40","1,847.50",201.36K,0.0025
2021-11-11,1863.90,"1,851.50","1,868.70","1,845.10",205.31K,0.0084
2021-11-10,1848.30,"1,834.50","1,870.60","1,823.00",352.79K,0.0096
2021-11-09,1830.80,"1,826.90","1,834.80","1,821.00",224.41K,0.0015
2021-11-08,1828.00,"1,820.60","1,828.30","1,813.80",200.41K,0.0062
2021-11-05,1816.80,"1,792.60","1,820.10","1,785.30",299.62K,0.013
2021-11-04,1793.50,"1,769.90","1,800.30","1,769.30",222.61K,0.0168
2021-11-03,1763.90,"1,789.20","1,789.30","1,758.50",257.43K,-1.43%
2021-11-02,1789.40,"1,794.80","1,797.80","1,787.40",145.79K,-0.36%
2021-11-01,1795.80,"1,785.30","1,797.50","1,780.20",143.33K,0.0067
2021-10-29,1783.90,"1,801.50","1,802.90","1,772.40",254.51K,-1.04%
2021-10-28,1802.60,"1,798.70","1,812.70","1,793.10",220.88K,0.0021
2021-10-27,1798.80,"1,795.00","1,801.00","1,784.30",182.80K,0.003
2021-10-26,1793.40,"1,808.70","1,809.80","1,783.00",197.93K,-0.74%
2021-10-25,1806.80,"1,794.20","1,811.50","1,793.00",153.59K,0.0058
2021-10-22,1796.30,"1,783.70","1,815.50","1,783.40",312.81K,0.0081
2021-10-21,1781.90,"1,782.50","1,790.30","1,776.80",138.73K,-0.17%
2021-10-20,1784.90,"1,769.40","1,789.60","1,767.10",174.08K,0.0081
2021-10-19,1770.50,"1,764.80","1,786.00","1,763.40",166.97K,0.0027
2021-10-18,1765.70,"1,767.50","1,772.50","1,760.30",152.74K,-0.15%
2021-10-15,1768.30,"1,797.30","1,797.70","1,765.10",202.63K,-1.65%
2021-10-14,1797.90,"1,793.60","1,801.90","1,787.60",164.65K,0.0018
2021-10-13,1794.70,"1,760.40","1,797.40","1,757.90",299.04K,0.0201
2021-10-12,1759.30,"1,753.60","1,770.00","1,750.50",168.11K,0.0021
2021-10-11,1755.70,"1,757.40","1,761.10","1,749.90",114.77K,-0.10%
2021-10-08,1757.40,"1,757.00","1,782.40","1,753.60",240.37K,-0.10%
2021-10-07,1759.20,"1,763.80","1,767.70","1,752.00",146.41K,-0.15%
2021-10-06,1761.80,"1,760.50","1,765.90","1,745.40",159.22K,0.0005
2021-10-05,1760.90,"1,770.80","1,771.10","1,748.60",151.42K,-0.38%
2021-10-04,1767.60,"1,762.60","1,771.50","1,747.70",166.18K,0.0052
2021-10-01,1758.40,"1,757.20","1,765.20","1,749.90",151.20K,0.0008
2021-09-30,1757.00,"1,726.00","1,765.00","1,721.80",246.37K,0.0198
2021-09-29,1722.90,"1,734.00","1,746.00","1,721.10",177.39K,-0.84%
2021-09-28,1737.50,"1,750.00","1,754.30","1,727.80",215.84K,-0.83%
2021-09-27,1752.00,"1,751.80","1,760.90","1,744.70",137.57K,0.0002
2021-09-24,1751.70,"1,743.70","1,758.00","1,740.20",151.55K,0.0011
2021-09-23,1749.80,"1,769.20","1,777.10","1,737.50",225.46K,-1.63%
2021-09-22,1778.80,"1,775.00","1,788.40","1,764.60",172.35K,0.0003
2021-09-21,1778.20,"1,765.50","1,782.80","1,758.30",141.62K,0.0082
2021-09-20,1763.80,"1,754.20","1,768.40","1,742.30",152.45K,0.0071
2021-09-17,1751.40,"1,754.60","1,767.80","1,747.10",183.25K,-0.30%
2021-09-16,1756.70,"1,795.50","1,797.30","1,745.50",255.27K,-2.12%
2021-09-15,1794.80,"1,806.60","1,808.50","1,791.70",139.30K,-0.68%
2021-09-14,1807.10,"1,794.80","1,810.60","1,780.60",197.95K,0.0071
2021-09-13,1794.40,"1,789.80","1,800.20","1,784.40",114.31K,0.0013
2021-09-10,1792.10,"1,796.20","1,806.00","1,788.20",136.25K,-0.44%
2021-09-09,1800.00,"1,790.90","1,803.40","1,785.10",154.13K,0.0036
2021-09-08,1793.50,"1,796.10","1,804.40","1,783.10",161.26K,-0.22%
2021-09-07,1797.40,"1,824.00","1,824.40","1,792.80",0.02K,-0.06%
2021-09-06,1798.50,"1,833.50","1,833.50","1,793.70",252.48K,-1.92%
2021-09-03,1833.70,"1,811.50","1,836.90","1,810.90",184.98K,0.0123
2021-09-02,1811.50,"1,816.20","1,819.60","1,806.50",113.03K,-0.25%
2021-09-01,1816.00,"1,816.70","1,822.70","1,810.60",140.12K,-0.12%
2021-08-31,1818.10,"1,812.20","1,821.90","1,803.40",170.39K,0.0033
2021-08-30,1812.20,"1,821.60","1,826.50","1,810.00",104.88K,-0.40%
2021-08-27,1819.50,"1,795.20","1,821.90","1,785.20",203.64K,0.0135
2021-08-26,1795.20,"1,793.00","1,800.40","1,781.30",134.53K,0.0023
2021-08-25,1791.00,"1,805.10","1,805.30","1,784.00",163.46K,-0.97%
2021-08-24,1808.50,"1,807.60","1,812.20","1,802.60",114.79K,0.0012
2021-08-23,1806.30,"1,781.20","1,809.10","1,778.00",156.32K,0.0125
2021-08-20,1784.00,"1,782.80","1,791.00","1,780.00",107.97K,0.0005
2021-08-19,1783.10,"1,789.50","1,795.00","1,774.60",151.25K,-0.07%
2021-08-18,1784.40,"1,787.80","1,795.70","1,778.80",132.73K,-0.19%
2021-08-17,1787.80,"1,789.10","1,797.60","1,782.10",144.82K,-0.11%
2021-08-16,1789.80,"1,780.70","1,791.30","1,772.00",137.70K,0.0065
2021-08-13,1778.20,"1,754.40","1,781.90","1,753.00",144.81K,0.0151
2021-08-12,1751.80,"1,752.90","1,759.60","1,742.60",137.12K,-0.09%
2021-08-11,1753.30,"1,730.40","1,756.70","1,724.60",185.44K,0.0125
2021-08-10,1731.70,"1,732.00","1,739.40","1,718.50",182.56K,0.003
2021-08-09,1726.50,"1,765.00","1,765.70","1,677.90",289.54K,-2.08%
2021-08-06,1763.10,"1,806.70","1,807.00","1,759.50",323.15K,-2.53%
2021-08-05,1808.90,"1,814.90","1,817.90","1,799.70",169.84K,-0.31%
2021-08-04,1814.50,"1,813.70","1,835.90","1,808.30",244.68K,0.0002
2021-08-03,1814.10,"1,816.80","1,818.20","1,809.50",103.45K,-0.44%
2021-08-02,1822.20,"1,817.00","1,823.20","1,808.20",159.76K,0.0028
2021-07-30,1817.20,"1,832.50","1,835.50","1,813.10",157.14K,-1.01%
2021-07-29,1835.80,"1,811.50","1,837.50","1,810.90",212.07K,0.0201
2021-07-28,1799.70,"1,798.60","1,809.00","1,790.70",209.78K,-0.01%
2021-07-27,1799.80,"1,797.10","1,805.40","1,792.80",177.04K,0.0003
2021-07-26,1799.20,"1,802.30","1,812.00","1,796.00",204.55K,-0.14%
2021-07-23,1801.80,"1,807.70","1,810.70","1,789.10",236.76K,-0.20%
2021-07-22,1805.40,"1,803.90","1,808.40","1,791.90",193.32K,0.0011
2021-07-21,1803.40,"1,810.60","1,814.40","1,794.30",218.64K,-0.44%
2021-07-20,1811.40,"1,813.50","1,825.90","1,805.20",221.14K,0.0012
2021-07-19,1809.20,"1,811.60","1,818.00","1,795.00",249.68K,-0.32%
2021-07-16,1815.00,"1,830.70","1,832.70","1,809.50",184.66K,-0.77%
2021-07-15,1829.00,"1,828.70","1,835.00","1,820.60",175.61K,0.0022
2021-07-14,1825.00,"1,808.30","1,831.10","1,804.90",229.88K,0.0083
2021-07-13,1809.90,"1,806.70","1,818.00","1,798.70",242.18K,0.0022
2021-07-12,1805.90,"1,808.50","1,811.00","1,791.00",201.42K,-0.26%
2021-07-09,1810.60,"1,803.20","1,813.00","1,796.60",185.58K,0.0058
2021-07-08,1800.20,"1,803.80","1,819.50","1,793.50",249.34K,-0.11%
2021-07-07,1802.10,"1,797.00","1,810.20","1,794.10",171.08K,0.004
2021-07-06,1795.00,"1,790.70","1,814.80","1,790.10",0.26K,0.0004
2021-07-05,1794.20,"1,787.50","1,815.70","1,784.70",276.60K,0.0061
2021-07-02,1783.30,"1,777.50","1,795.90","1,774.40",205.86K,0.0037
2021-07-01,1776.80,"1,770.80","1,783.40","1,765.90",171.44K,0.0029
2021-06-30,1771.60,"1,761.90","1,774.70","1,753.20",177.89K,0.0045
2021-06-29,1763.60,"1,778.80","1,779.20","1,750.10",239.91K,-0.96%
2021-06-28,1780.70,"1,782.00","1,786.10","1,770.40",160.79K,0.0016
2021-06-25,1777.80,"1,775.70","1,791.00","1,773.60",161.20K,0.0006
2021-06-24,1776.70,"1,778.20","1,788.60","1,772.70",152.23K,-0.38%
2021-06-23,1783.40,"1,779.10","1,795.60","1,773.10",179.27K,0.0034
2021-06-22,1777.40,"1,783.20","1,790.10","1,771.20",172.75K,-0.31%
2021-06-21,1782.90,"1,764.30","1,786.90","1,764.10",195.52K,0.0079
2021-06-18,1769.00,"1,773.90","1,797.90","1,761.20",264.61K,-0.33%
2021-06-17,1774.80,"1,812.30","1,826.40","1,767.90",385.89K,-4.65%
2021-06-16,1861.40,"1,861.00","1,866.00","1,804.40",234.10K,0.0027
2021-06-15,1856.40,"1,867.80","1,870.90","1,853.00",155.34K,-0.51%
2021-06-14,1865.90,"1,879.60","1,879.70","1,845.70",242.30K,-0.73%
2021-06-11,1879.60,"1,901.90","1,906.20","1,876.10",220.46K,-0.89%
2021-06-10,1896.40,"1,891.40","1,903.00","1,871.80",250.55K,0.0005
2021-06-09,1895.50,"1,894.40","1,901.70","1,889.30",147.33K,0.0006
2021-06-08,1894.40,"1,901.60","1,906.90","1,885.70",173.60K,-0.23%
2021-06-07,1898.80,"1,894.30","1,902.90","1,883.70",146.02K,0.0036
2021-06-04,1892.00,"1,872.70","1,899.00","1,855.60",228.83K,0.01
2021-06-03,1873.30,"1,910.50","1,912.30","1,866.70",278.58K,-1.92%
2021-06-02,1909.90,"1,903.00","1,911.80","1,896.40",166.04K,0.0026
2021-06-01,1905.00,"1,906.80","1,919.20","1,894.50",290.65K,0.00%
2021-05-31,1905.00,"1,906.80","1,919.20","1,894.50",290.65K,-0.02%
2021-05-28,1905.30,"1,899.80","1,908.80","1,884.30",198.14K,0.0051
2021-05-27,1895.70,"1,896.80","1,903.90","1,888.20",35.79K,-0.29%
2021-05-26,1901.20,"1,900.00","1,913.30","1,890.70",170.53K,0.0017
2021-05-25,1898.00,"1,881.20","1,901.20","1,873.20",316.67K,0.0072
2021-05-24,1884.50,"1,883.50","1,887.90","1,875.70",183.31K,0.0042
2021-05-21,1876.70,"1,878.10","1,890.30","1,870.30",234.29K,-0.28%
2021-05-20,1881.90,"1,869.90","1,885.30","1,864.20",223.57K,0.0002
2021-05-19,1881.50,"1,870.20","1,891.30","1,852.20",398.21K,0.0072
2021-05-18,1868.00,"1,867.30","1,875.90","1,863.50",229.02K,0.0002
2021-05-17,1867.60,"1,845.90","1,869.30","1,841.10",267.71K,0.016
2021-05-14,1838.10,"1,826.40","1,847.10","1,819.00",224.38K,0.0077
2021-05-13,1824.00,"1,816.20","1,829.10","1,808.40",249.93K,0.0007
2021-05-12,1822.80,"1,838.20","1,844.70","1,813.00",339.21K,-0.72%
2021-05-11,1836.10,"1,836.20","1,842.50","1,817.80",311.10K,-0.08%
2021-05-10,1837.60,"1,835.40","1,846.30","1,830.50",269.71K,0.0034
2021-05-07,1831.30,"1,815.40","1,844.60","1,813.40",367.70K,0.0086
2021-05-06,1815.70,"1,787.00","1,818.60","1,781.80",287.63K,0.0176
2021-05-05,1784.30,"1,778.40","1,788.10","1,769.30",178.81K,0.0047
2021-05-04,1776.00,"1,793.20","1,799.50","1,769.20",246.59K,-0.88%
2021-05-03,1791.80,"1,768.10","1,798.90","1,765.60",204.54K,0.0136
2021-04-30,1767.70,"1,772.40","1,773.30","1,763.30",167.29K,-0.03%
2021-04-29,1768.30,"1,781.90","1,789.90","1,754.60",231.52K,-0.32%
2021-04-28,1773.90,"1,776.40","1,782.70","1,761.80",198.58K,-0.28%
2021-04-27,1778.80,"1,781.10","1,785.90","1,773.90",147.95K,-0.07%
2021-04-26,1780.10,"1,776.10","1,783.10","1,768.20",143.36K,0.0013
2021-04-23,1777.80,"1,784.00","1,796.30","1,769.50",175.85K,-0.24%
2021-04-22,1782.00,"1,794.50","1,798.10","1,777.10",163.75K,-0.62%
2021-04-21,1793.10,"1,779.10","1,798.40","1,776.60",173.97K,0.0083
2021-04-20,1778.40,"1,770.50","1,780.80","1,763.50",169.04K,0.0044
2021-04-19,1770.60,"1,778.80","1,790.40","1,766.60",180.73K,-0.54%
2021-04-16,1780.20,"1,764.80","1,784.70","1,760.30",173.50K,0.0076
2021-04-15,1766.80,"1,736.60","1,770.60","1,734.40",198.14K,0.0176
2021-04-14,1736.30,"1,746.40","1,750.70","1,732.30",145.26K,-0.65%
2021-04-13,1747.60,"1,732.20","1,749.50","1,723.20",175.59K,0.0086
2021-04-12,1732.70,"1,744.50","1,746.20","1,727.00",125.36K,-0.69%
2021-04-09,1744.80,"1,756.50","1,758.20","1,730.80",171.40K,-0.76%
2021-04-08,1758.20,"1,738.60","1,759.40","1,733.60",144.57K,0.0095
2021-04-07,1741.60,"1,744.40","1,745.40","1,731.20",122.80K,-0.08%
2021-04-06,1743.00,"1,729.20","1,746.70","1,728.20",152.60K,0.0082
2021-04-05,1728.80,"1,730.00","1,734.40","1,721.60",101.75K,0.0002
2021-04-01,1728.40,"1,709.00","1,732.00","1,706.40",170.43K,0.0075
2021-03-31,1715.60,"1,685.90","1,716.30","1,677.30",210.77K,0.0176
2021-03-30,1686.00,"1,713.00","1,714.80","1,678.30",225.87K,-1.53%
2021-03-29,1712.20,"1,731.50","1,732.60","1,703.30",135.46K,-1.16%
2021-03-26,1732.30,"1,725.50","1,735.50","1,718.80",172.94K,0.0042
2021-03-25,1725.10,"1,733.20","1,744.80","1,720.30",226.21K,-0.47%
2021-03-24,1733.20,"1,725.90","1,737.70","1,722.30",186.52K,0.0047
2021-03-23,1725.10,"1,738.50","1,742.00","1,722.70",226.20K,-0.75%
2021-03-22,1738.10,"1,745.60","1,747.00","1,726.40",196.31K,-0.21%
2021-03-19,1741.70,"1,733.70","1,746.10","1,727.10",213.28K,0.0053
2021-03-18,1732.50,"1,744.00","1,754.20","1,716.60",251.76K,0.0031
2021-03-17,1727.10,"1,730.00","1,750.60","1,722.00",220.55K,-0.22%
2021-03-16,1730.90,"1,730.70","1,740.50","1,724.40",173.89K,0.001
2021-03-15,1729.20,"1,726.50","1,733.20","1,719.20",163.05K,0.0055
2021-03-12,1719.80,"1,720.50","1,728.00","1,696.60",232.21K,-0.16%
2021-03-11,1722.60,"1,725.00","1,738.00","1,716.80",215.34K,0.0005
2021-03-10,1721.80,"1,714.50","1,725.30","1,705.60",226.89K,0.0029
2021-03-09,1716.90,"1,679.30","1,718.70","1,676.70",248.95K,0.0232
2021-03-08,1678.00,"1,701.60","1,712.00","1,673.30",273.91K,-1.21%
2021-03-05,1698.50,"1,695.30","1,705.70","1,683.00",269.33K,-0.13%
2021-03-04,1700.70,"1,708.40","1,721.60","1,687.60",277.45K,-0.88%
2021-03-03,1715.80,"1,736.50","1,739.10","1,699.40",255.65K,-1.03%
2021-03-02,1733.60,"1,722.80","1,737.80","1,704.60",235.96K,0.0062
2021-03-01,1723.00,"1,732.80","1,757.40","1,717.20",241.92K,-0.34%
2021-02-26,1728.80,"1,770.90","1,773.80","1,714.90",362.55K,-2.62%
2021-02-25,1775.40,"1,804.90","1,805.00","1,763.90",316.25K,-1.25%
2021-02-24,1797.90,"1,805.00","1,813.00","1,782.20",224.06K,-0.44%
2021-02-23,1805.90,"1,809.30","1,815.20","1,794.50",191.15K,-0.14%
2021-02-22,1808.40,"1,782.00","1,812.40","1,778.60",221.20K,0.0174
2021-02-19,1777.40,"1,774.60","1,790.90","1,759.00",251.78K,0.0014
2021-02-18,1775.00,"1,776.00","1,788.80","1,766.60",224.77K,0.0012
2021-02-17,1772.80,"1,793.10","1,794.20","1,767.90",257.34K,-1.46%
2021-02-16,1799.00,"1,826.00","1,827.10","1,788.10",355.92K,0.00%
2021-02-15,1799.00,"1,826.00","1,827.10","1,788.10",355.92K,-1.33%
2021-02-12,1823.20,"1,825.40","1,831.50","1,810.10",171.90K,-0.20%
2021-02-11,1826.80,"1,844.30","1,848.60","1,821.70",147.02K,-0.86%
2021-02-10,1842.70,"1,838.30","1,856.60","1,834.00",176.44K,0.0028
2021-02-09,1837.50,"1,832.40","1,849.50","1,830.30",154.39K,0.0018
2021-02-08,1834.20,"1,818.10","1,840.60","1,807.30",177.56K,0.0117
2021-02-05,1813.00,"1,794.30","1,816.00","1,792.20",205.76K,0.0122
2021-02-04,1791.20,"1,834.50","1,835.70","1,784.60",279.62K,-2.39%
2021-02-03,1835.10,"1,838.50","1,845.90","1,830.10",137.23K,0.0009
2021-02-02,1833.40,"1,863.60","1,866.30","1,830.40",236.00K,-1.64%
2021-02-01,1863.90,"1,865.00","1,876.00","1,851.70",242.05K,0.0074
2021-01-29,1850.30,"1,845.60","1,878.90","1,841.20",276.17K,0.0049
2021-01-28,1841.20,"1,847.20","1,867.00","1,835.60",277.59K,-0.20%
2021-01-27,1844.90,"1,849.70","1,851.50","1,828.40",195.54K,-0.32%
2021-01-26,1850.90,"1,854.90","1,860.80","1,847.20",170.26K,-0.23%
2021-01-25,1855.20,"1,855.30","1,867.40","1,846.20",211.98K,-0.05%
2021-01-22,1856.20,"1,870.10","1,870.80","1,836.30",249.72K,-0.52%
2021-01-21,1865.90,"1,871.00","1,874.60","1,857.50",196.94K,-0.03%
2021-01-20,1866.50,"1,839.90","1,872.00","1,831.10",274.40K,0.0133
2021-01-19,1842.00,"1,830.60","1,846.00","1,804.20",0.40K,0.001
2021-01-18,1840.20,"1,828.80","1,845.00","1,800.80",331.59K,0.0056
2021-01-15,1829.90,"1,847.30","1,856.60","1,822.10",231.11K,-1.16%
2021-01-14,1851.40,"1,845.60","1,857.60","1,826.60",257.66K,-0.19%
2021-01-13,1854.90,"1,855.00","1,863.00","1,841.60",225.99K,0.0058
2021-01-12,1844.20,"1,845.40","1,864.00","1,835.80",240.66K,-0.36%
2021-01-11,1850.80,"1,849.40","1,856.00","1,817.10",268.36K,0.0084
2021-01-08,1835.40,"1,915.20","1,918.40","1,827.80",443.51K,-4.09%
2021-01-07,1913.60,"1,921.50","1,929.60","1,907.50",199.98K,0.0026
2021-01-06,1908.60,"1,952.80","1,962.50","1,902.60",366.61K,-2.34%
2021-01-05,1954.40,"1,946.00","1,957.00","1,938.40",201.95K,0.004
2021-01-04,1946.60,"1,908.20","1,948.70","1,906.10",273.37K,0.0272
